タグコード,大分類,中分類,求人タグ,canonical,alias_strict,alias_loose,判定難易度,除外語,match_policy,pattern_rule
1,募集職種に応じた希望スキル・経験など,IT・ソフトウェア開発スキル,ADAS,ADAS,,,低,,token_exact,
2,募集職種に応じた希望スキル・経験など,IT・ソフトウェア開発スキル,AI,AI,,人工知能,高,,token_exact,
3,募集職種に応じた希望スキル・経験など,IT・ソフトウェア開発スキル,Android開発,Android開発,,,低,,normal,
4,募集職種に応じた希望スキル・経験など,IT・ソフトウェア開発スキル,API,API,,,高,,token_exact,
5,募集職種に応じた希望スキル・経験など,IT・ソフトウェア開発スキル,Arduino,Arduino,,,低,,normal,
6,募集職種に応じた希望スキル・経験など,IT・ソフトウェア開発スキル,AWS,AWS,,,高,,token_exact,
7,募集職種に応じた希望スキル・経験など,IT・ソフトウェア開発スキル,CI,CI,,,高,,token_exact,
8,募集職種に応じた希望スキル・経験など,IT・ソフトウェア開発スキル,CI/CD,CI/CD,CICD::CI CD,,低,,token_exact,
9,募集職種に応じた希望スキル・経験など,IT・ソフトウェア開発スキル,DevOps経験,DevOps経験,,,低,,normal,
10,募集職種に応じた希望スキル・経験など,IT・ソフトウェア開発スキル,DWH,DWH,,,高,,token_exact,
11,募集職種に応じた希望スキル・経験など,IT・ソフトウェア開発スキル,Eコマース,Eコマース,,,低,,normal,
12,募集職種に応じた希望スキル・経験など,IT・ソフトウェア開発スキル,ITサポート,ITサポート,,,低,,normal,
13,募集職種に応じた希望スキル・経験など,IT・ソフトウェア開発スキル,IT経験,IT経験,,,低,,normal,
14,募集職種に応じた希望スキル・経験など,IT・ソフトウェア開発スキル,IVR,IVR,,,高,,token_exact,
15,募集職種に応じた希望スキル・経験など,IT・ソフトウェア開発スキル,LAMP環境経験,LAMP環境経験,,,低,,normal,
16,募集職種に応じた希望スキル・経験など,IT・ソフトウェア開発スキル,PaaS,PaaS,,,低,,token_exact,
17,募集職種に応じた希望スキル・経験など,IT・ソフトウェア開発スキル,SaaS,SaaS,,,低,,token_exact,
18,募集職種に応じた希望スキル・経験など,IT・ソフトウェア開発スキル,UI,UI,,,高,UIターン,token_exact,
19,募集職種に応じた希望スキル・経験など,IT・ソフトウェア開発スキル,UX,UX,,,高,,token_exact,
20,募集職種に応じた希望スキル・経験など,IT・ソフトウェア開発スキル,アセンブラ,アセンブラ,,,低,,normal,
21,募集職種に応じた希望スキル・経験など,IT・ソフトウェア開発スキル,アプリケーション開発,アプリケーション開発,,,低,,normal,
22,募集職種に応じた希望スキル・経験など,IT・ソフトウェア開発スキル,インシデント管理,インシデント管理,,,低,,normal,
23,募集職種に応じた希望スキル・経験など,IT・ソフトウェア開発スキル,ウェブサービス,ウェブサービス,,,低,,normal,
24,募集職種に応じた希望スキル・経験など,IT・ソフトウェア開発スキル,ウェブ制作,ウェブ制作,,,低,,normal,
25,募集職種に応じた希望スキル・経験など,IT・ソフトウェア開発スキル,オブジェクト指向プログラミング経験,オブジェクト指向プログラミング経験,,,低,,normal,
26,募集職種に応じた希望スキル・経験など,IT・ソフトウェア開発スキル,コンピュータサイエンス知識,コンピュータサイエンス知識,,,低,,normal,
27,募集職種に応じた希望スキル・経験など,IT・ソフトウェア開発スキル,サーバー管理,サーバー管理,,,低,,normal,
28,募集職種に応じた希望スキル・経験など,IT・ソフトウェア開発スキル,サイバーセキュリティ,サイバーセキュリティ,,,低,,normal,
29,募集職種に応じた希望スキル・経験など,IT・ソフトウェア開発スキル,システムエンジニア経験,システムエンジニア経験,SE経験::SE実務経験,,低,,normal,
30,募集職種に応じた希望スキル・経験など,IT・ソフトウェア開発スキル,システムセキュリティ,システムセキュリティ,,,低,,normal,
31,募集職種に応じた希望スキル・経験など,IT・ソフトウェア開発スキル,システム分析,システム分析,,,低,,normal,
32,募集職種に応じた希望スキル・経験など,IT・ソフトウェア開発スキル,システム構築,システム構築,,,低,,normal,
33,募集職種に応じた希望スキル・経験など,IT・ソフトウェア開発スキル,システム監査,システム監査,,,低,,normal,
34,募集職種に応じた希望スキル・経験など,IT・ソフトウェア開発スキル,システム移行,システム移行,,,低,,normal,
35,募集職種に応じた希望スキル・経験など,IT・ソフトウェア開発スキル,システム設計,システム設計,,,低,,normal,
36,募集職種に応じた希望スキル・経験など,IT・ソフトウェア開発スキル,システム開発,システム開発,,,低,,normal,
37,募集職種に応じた希望スキル・経験など,IT・ソフトウェア開発スキル,スクリプト,スクリプト,,,低,,normal,
38,募集職種に応じた希望スキル・経験など,IT・ソフトウェア開発スキル,ソフトウェアテスト,ソフトウェアテスト,,,低,,normal,
39,募集職種に応じた希望スキル・経験など,IT・ソフトウェア開発スキル,ソフトウェア設計,ソフトウェア設計,,,低,,normal,
40,募集職種に応じた希望スキル・経験など,IT・ソフトウェア開発スキル,ソフトウェア開発,ソフトウェア開発,,,低,,normal,
41,募集職種に応じた希望スキル・経験など,IT・ソフトウェア開発スキル,データセンター経験,データセンター経験,,,低,,normal,
42,募集職種に応じた希望スキル・経験など,IT・ソフトウェア開発スキル,データベース構築,データベース構築,,,低,,normal,
43,募集職種に応じた希望スキル・経験など,IT・ソフトウェア開発スキル,データベース管理,データベース管理,,,低,,normal,
44,募集職種に応じた希望スキル・経験など,IT・ソフトウェア開発スキル,データベース経験,データベース経験,,,低,,normal,
45,募集職種に応じた希望スキル・経験など,IT・ソフトウェア開発スキル,データベース設計,データベース設計,,,低,,normal,
46,募集職種に応じた希望スキル・経験など,IT・ソフトウェア開発スキル,データ構造,データ構造,,,低,,normal,
47,募集職種に応じた希望スキル・経験など,IT・ソフトウェア開発スキル,ディープラーニング,ディープラーニング,深層学習,Deep Learning,中,,normal,
48,募集職種に応じた希望スキル・経験など,IT・ソフトウェア開発スキル,テクニカルサポート,テクニカルサポート,,,低,,normal,
49,募集職種に応じた希望スキル・経験など,IT・ソフトウェア開発スキル,テストケース作成,テストケース作成,,,低,,normal,
50,募集職種に応じた希望スキル・経験など,IT・ソフトウェア開発スキル,デバッグ経験,デバッグ経験,,,低,,normal,
51,募集職種に応じた希望スキル・経験など,IT・ソフトウェア開発スキル,バージョンアップ,バージョンアップ,,,低,,normal,
52,募集職種に応じた希望スキル・経験など,IT・ソフトウェア開発スキル,ビッグデータ,ビッグデータ,,,低,,normal,
53,募集職種に応じた希望スキル・経験など,IT・ソフトウェア開発スキル,ファームウェア,ファームウェア,,,低,,normal,
54,募集職種に応じた希望スキル・経験など,IT・ソフトウェア開発スキル,フロントエンド開発,フロントエンド開発,,,低,,normal,
55,募集職種に応じた希望スキル・経験など,IT・ソフトウェア開発スキル,ヘルプデスク,ヘルプデスク,,,低,,normal,
56,募集職種に応じた希望スキル・経験など,IT・ソフトウェア開発スキル,ミドルウェア,ミドルウェア,,,低,,normal,
57,募集職種に応じた希望スキル・経験など,IT・ソフトウェア開発スキル,モバイルアプリ,モバイルアプリ,,,低,,normal,
58,募集職種に応じた希望スキル・経験など,IT・ソフトウェア開発スキル,ユーザビリティ,ユーザビリティ,,,低,,normal,
59,募集職種に応じた希望スキル・経験など,IT・ソフトウェア開発スキル,ワイヤーフレーム,ワイヤーフレーム,,,低,,normal,
60,募集職種に応じた希望スキル・経験など,IT・ソフトウェア開発スキル,仮想化,仮想化,,,高,,normal,
61,募集職種に応じた希望スキル・経験など,IT・ソフトウェア開発スキル,信号処理,信号処理,,,低,,normal,
62,募集職種に応じた希望スキル・経験など,IT・ソフトウェア開発スキル,単体テスト,単体テスト,,,低,,normal,
63,募集職種に応じた希望スキル・経験など,IT・ソフトウェア開発スキル,情報セキュリティ,情報セキュリティ,,,低,,normal,
64,募集職種に応じた希望スキル・経験など,IT・ソフトウェア開発スキル,情報処理,情報処理,,,高,,normal,
65,募集職種に応じた希望スキル・経験など,IT・ソフトウェア開発スキル,機械学習,機械学習,,ML::Machine Learning,中,,normal,
66,募集職種に応じた希望スキル・経験など,IT・ソフトウェア開発スキル,組み込みソフトウェア,組み込みソフトウェア,,,低,,normal,
67,募集職種に応じた希望スキル・経験など,IT・ソフトウェア開発スキル,自然言語処理,自然言語処理,NLP,Natural Language Processing,中,,normal,
68,募集職種に応じた希望スキル・経験など,IT・ソフトウェア開発スキル,認証,認証,,,高,,context,
69,募集職種に応じた希望スキル・経験など,Regulations & Standards,AUTOSAR,AUTOSAR,,,低,,normal,
70,募集職種に応じた希望スキル・経験など,Regulations & Standards,GVP,GVP,,,高,,token_exact,
71,募集職種に応じた希望スキル・経験など,Regulations & Standards,ISO14001,ISO14001,,,低,,normal,
72,募集職種に応じた希望スキル・経験など,Regulations & Standards,REACH,REACH,,,低,,token_exact,
73,募集職種に応じた希望スキル・経験など,オペレーティングシステム,AIX,AIX,,,高,,token_exact,
74,募集職種に応じた希望スキル・経験など,オペレーティングシステム,Android,Android,,,低,,normal,
75,募集職種に応じた希望スキル・経験など,オペレーティングシステム,CentOS,CentOS,,,低,,normal,
76,募集職種に応じた希望スキル・経験など,オペレーティングシステム,Fedora,Fedora,,,低,,normal,
77,募集職種に応じた希望スキル・経験など,オペレーティングシステム,iOS,iOS,,,高,,token_exact,
78,募集職種に応じた希望スキル・経験など,オペレーティングシステム,Linux,Linux,,,低,,token_exact,
79,募集職種に応じた希望スキル・経験など,オペレーティングシステム,MacOS,MacOS,,,低,,token_exact,
80,募集職種に応じた希望スキル・経験など,オペレーティングシステム,Solaris,Solaris,,,低,,normal,
81,募集職種に応じた希望スキル・経験など,オペレーティングシステム,Ubuntu,Ubuntu,,,低,,normal,
82,募集職種に応じた希望スキル・経験など,オペレーティングシステム,UNIX,UNIX,,,低,,token_exact,
83,募集職種に応じた希望スキル・経験など,オペレーティングシステム,VxWorks,VxWorks,,,低,,normal,
84,募集職種に応じた希望スキル・経験など,オペレーティングシステム,Windows,Windows,,,低,,normal,
85,募集職種に応じた希望スキル・経験など,オペレーティングシステム,オペレーティングシステム,オペレーティングシステム,,,低,,normal,
86,募集職種に応じた希望スキル・経験など,スポーツ・フィットネススキル,ダンス,ダンス,,,高,,normal,
87,募集職種に応じた希望スキル・経験など,ソフトウェアプログラム,3dsMax,3dsMax,3ds Max,,低,,normal,
88,募集職種に応じた希望スキル・経験など,ソフトウェアプログラム,AdobeAcrobat,AdobeAcrobat,Adobe Acrobat::Acrobat,,低,,normal,
89,募集職種に応じた希望スキル・経験など,ソフトウェアプログラム,AdobeAfterEffects,AdobeAfterEffects,Adobe After Effects::After Effects::Adobe AfterEffects::AfterEffects,,低,,normal,
90,募集職種に応じた希望スキル・経験など,ソフトウェアプログラム,AdobeAnalytics,AdobeAnalytics,Adobe Analytics::Analytics,,低,,normal,
91,募集職種に応じた希望スキル・経験など,ソフトウェアプログラム,AdobeDreamweaver,AdobeDreamweaver,Adobe Dreamweaver::Dreamweaver,,低,,normal,
92,募集職種に応じた希望スキル・経験など,ソフトウェアプログラム,AdobeFlash,AdobeFlash,Adobe Flash::Flash,,低,,normal,
93,募集職種に応じた希望スキル・経験など,ソフトウェアプログラム,AdobeIllustrator,AdobeIllustrator,Adobe Illustrator::Illustrator::イラストレーター,,低,,normal,
94,募集職種に応じた希望スキル・経験など,ソフトウェアプログラム,AdobeInDesign,AdobeInDesign,Adobe InDesign::InDesign,,低,,normal,
95,募集職種に応じた希望スキル・経験など,ソフトウェアプログラム,AdobePhotoshop,AdobePhotoshop,Adobe Photoshop::Photoshop::フォトショップ,,低,,normal,
96,募集職種に応じた希望スキル・経験など,ソフトウェアプログラム,AdobePremiere,AdobePremiere,Adobe Premiere::Premiere Pro::Premiere,,低,,normal,
97,募集職種に応じた希望スキル・経験など,ソフトウェアプログラム,AdobeXD,AdobeXD,Adobe XD,,低,,normal,
98,募集職種に応じた希望スキル・経験など,ソフトウェアプログラム,AmazonCloudFront,AmazonCloudFront,Amazon CloudFront,CloudFront,中,,normal,
99,募集職種に応じた希望スキル・経験など,ソフトウェアプログラム,AmazonCloudWatch,AmazonCloudWatch,Amazon CloudWatch,CloudWatch,中,,normal,
100,募集職種に応じた希望スキル・経験など,ソフトウェアプログラム,AmazonEC2,AmazonEC2,Amazon EC2,,低,,normal,
101,募集職種に応じた希望スキル・経験など,ソフトウェアプログラム,AmazonECS,AmazonECS,Amazon ECS,,低,,normal,
102,募集職種に応じた希望スキル・経験など,ソフトウェアプログラム,AmazonEKS,AmazonEKS,Amazon EKS,,低,,normal,
103,募集職種に応じた希望スキル・経験など,ソフトウェアプログラム,AmazonKinesis,AmazonKinesis,Amazon Kinesis,Kinesis,中,,normal,
104,募集職種に応じた希望スキル・経験など,ソフトウェアプログラム,AmazonSageMaker,AmazonSageMaker,Amazon SageMaker,SageMaker,中,,normal,
105,募集職種に応じた希望スキル・経験など,ソフトウェアプログラム,AmazonSES,AmazonSES,Amazon SES,,低,,normal,
106,募集職種に応じた希望スキル・経験など,ソフトウェアプログラム,AmazonSimpleQueueService,AmazonSimpleQueueService,Amazon SimpleQueueService,SimpleQueueService,中,,normal,
107,募集職種に応じた希望スキル・経験など,ソフトウェアプログラム,Ansible,Ansible,,,低,,normal,
108,募集職種に応じた希望スキル・経験など,ソフトウェアプログラム,Apache,Apache,,,中,,normal,
109,募集職種に応じた希望スキル・経験など,ソフトウェアプログラム,ApacheHive,ApacheHive,,,低,,normal,
110,募集職種に応じた希望スキル・経験など,ソフトウェアプログラム,ArcGIS,ArcGIS,,,低,,normal,
111,募集職種に応じた希望スキル・経験など,ソフトウェアプログラム,ArchiCAD,ArchiCAD,,,低,,normal,
112,募集職種に応じた希望スキル・経験など,ソフトウェアプログラム,AutoCAD,AutoCAD,,,低,,normal,
113,募集職種に応じた希望スキル・経験など,ソフトウェアプログラム,AutoCADLT,AutoCADLT,AutoCAD LT,,低,,normal,
114,募集職種に応じた希望スキル・経験など,ソフトウェアプログラム,Autodesk,Autodesk,,,低,,normal,
115,募集職種に応じた希望スキル・経験など,ソフトウェアプログラム,AutodeskInventor,AutodeskInventor,,,低,,normal,
116,募集職種に応じた希望スキル・経験など,ソフトウェアプログラム,AWSLambda,AWSLambda,,,低,,normal,
117,募集職種に応じた希望スキル・経験など,ソフトウェアプログラム,Azure,Azure,,,低,,token_exact,
118,募集職種に応じた希望スキル・経験など,ソフトウェアプログラム,Bamboo,Bamboo,,,低,,normal,
119,募集職種に応じた希望スキル・経験など,ソフトウェアプログラム,BigQuery,BigQuery,,,低,,normal,
120,募集職種に応じた希望スキル・経験など,ソフトウェアプログラム,Blender,Blender,,,低,,normal,
121,募集職種に応じた希望スキル・経験など,ソフトウェアプログラム,CAD,CAD,,,高,,token_exact,
122,募集職種に応じた希望スキル・経験など,ソフトウェアプログラム,CATIA,CATIA,,,低,,token_exact,
123,募集職種に応じた希望スキル・経験など,ソフトウェアプログラム,Cinema4D,Cinema4D,Cinema 4D,,低,,normal,
124,募集職種に応じた希望スキル・経験など,ソフトウェアプログラム,Civil3D,Civil3D,Civil 3D,,低,,normal,
125,募集職種に応じた希望スキル・経験など,ソフトウェアプログラム,ClipStudioPaint,ClipStudioPaint,CLIP STUDIO PAINT,クリスタ,中,,normal,
126,募集職種に応じた希望スキル・経験など,ソフトウェアプログラム,Cognos,Cognos,,,低,,normal,
127,募集職種に応じた希望スキル・経験など,ソフトウェアプログラム,Confluence,Confluence,,,低,,normal,
128,募集職種に応じた希望スキル・経験など,ソフトウェアプログラム,Creo,Creo,,,低,,token_exact,
129,募集職種に応じた希望スキル・経験など,ソフトウェアプログラム,CRMソフトウェア,CRMソフトウェア,CRM,,低,,normal,
130,募集職種に応じた希望スキル・経験など,ソフトウェアプログラム,CyberArk,CyberArk,,,低,,normal,
131,募集職種に応じた希望スキル・経験など,ソフトウェアプログラム,DataStage,DataStage,,,低,,normal,
132,募集職種に応じた希望スキル・経験など,ソフトウェアプログラム,Docker,Docker,,,低,,normal,
133,募集職種に応じた希望スキル・経験など,ソフトウェアプログラム,DTP,DTP,,,高,,token_exact,
134,募集職種に応じた希望スキル・経験など,ソフトウェアプログラム,Eclipse,Eclipse,,,低,,normal,
135,募集職種に応じた希望スキル・経験など,ソフトウェアプログラム,ElasticLoadBalancing,ElasticLoadBalancing,,,低,,normal,
136,募集職種に応じた希望スキル・経験など,ソフトウェアプログラム,Elasticsearch,Elasticsearch,,,低,,normal,
137,募集職種に応じた希望スキル・経験など,ソフトウェアプログラム,ERPシステム,ERPシステム,ERP,,低,,normal,
138,募集職種に応じた希望スキル・経験など,ソフトウェアプログラム,ESXi,ESXi,,,低,,token_exact,
139,募集職種に応じた希望スキル・経験など,ソフトウェアプログラム,Facebook広告,Facebook広告,,,低,,normal,
140,募集職種に応じた希望スキル・経験など,ソフトウェアプログラム,Figma,Figma,,,低,,token_exact,
141,募集職種に応じた希望スキル・経験など,ソフトウェアプログラム,FinalCutPro,FinalCutPro,Final Cut Pro,,低,,normal,
142,募集職種に応じた希望スキル・経験など,ソフトウェアプログラム,Fireworks,Fireworks,,,低,,normal,
143,募集職種に応じた希望スキル・経験など,ソフトウェアプログラム,Git,Git,,,高,,token_exact,
144,募集職種に応じた希望スキル・経験など,ソフトウェアプログラム,GitHub,GitHub,,,低,,normal,
145,募集職種に応じた希望スキル・経験など,ソフトウェアプログラム,GitLab,GitLab,,,低,,normal,
146,募集職種に応じた希望スキル・経験など,ソフトウェアプログラム,GoogleAdWords,GoogleAdWords,Google Ads::AdWords,,低,,normal,
147,募集職種に応じた希望スキル・経験など,ソフトウェアプログラム,GoogleAnalytics,GoogleAnalytics,Google Analytics,GA,中,,normal,
148,募集職種に応じた希望スキル・経験など,ソフトウェアプログラム,GoogleAnalytics360,GoogleAnalytics360,,,低,,normal,
149,募集職種に応じた希望スキル・経験など,ソフトウェアプログラム,GoogleCloudPlatform,GoogleCloudPlatform,Google Cloud Platform::GCP::Google Cloud,,低,,normal,
150,募集職種に応じた希望スキル・経験など,ソフトウェアプログラム,GoogleDocs,GoogleDocs,,,低,,normal,
151,募集職種に応じた希望スキル・経験など,ソフトウェアプログラム,GoogleSuite,GoogleSuite,,,低,,normal,
152,募集職種に応じた希望スキル・経験など,ソフトウェアプログラム,Gradle,Gradle,,,低,,normal,
153,募集職種に応じた希望スキル・経験など,ソフトウェアプログラム,gRPC,gRPC,,,低,,token_exact,
154,募集職種に応じた希望スキル・経験など,ソフトウェアプログラム,Heroku,Heroku,,,低,,normal,
155,募集職種に応じた希望スキル・経験など,ソフトウェアプログラム,Hyperion,Hyperion,,,低,,normal,
156,募集職種に応じた希望スキル・経験など,ソフトウェアプログラム,Informatica,Informatica,,,低,,normal,
157,募集職種に応じた希望スキル・経験など,ソフトウェアプログラム,InVision,InVision,,,低,,normal,
158,募集職種に応じた希望スキル・経験など,ソフトウェアプログラム,JDEdwards,JDEdwards,,,低,,normal,
159,募集職種に応じた希望スキル・経験など,ソフトウェアプログラム,Jenkins,Jenkins,,,低,,normal,
160,募集職種に応じた希望スキル・経験など,ソフトウェアプログラム,Jira,Jira,,,低,,token_exact,
161,募集職種に応じた希望スキル・経験など,ソフトウェアプログラム,JWCAD,JWCAD,Jw_cad::Jw-CAD,,低,,token_exact,
162,募集職種に応じた希望スキル・経験など,ソフトウェアプログラム,Keynote,Keynote,,,低,,normal,
163,募集職種に応じた希望スキル・経験など,ソフトウェアプログラム,Maven,Maven,,,低,,token_exact,
164,募集職種に応じた希望スキル・経験など,ソフトウェアプログラム,Maya,Maya,,,低,,token_exact,
165,募集職種に応じた希望スキル・経験など,ソフトウェアプログラム,MicrosoftExcel,MicrosoftExcel,Excel::MS Excel::エクセル::Microsoft Excel,,低,,normal,
166,募集職種に応じた希望スキル・経験など,ソフトウェアプログラム,MicrosoftExchange,MicrosoftExchange,Microsoft Exchange,,低,,normal,
167,募集職種に応じた希望スキル・経験など,ソフトウェアプログラム,MicrosoftOffice,MicrosoftOffice,Microsoft Office::MS Office,Office,中,,normal,
168,募集職種に応じた希望スキル・経験など,ソフトウェアプログラム,MicrosoftOutlook,MicrosoftOutlook,Outlook::MS Outlook::Microsoft Outlook,,低,,normal,
169,募集職種に応じた希望スキル・経験など,ソフトウェアプログラム,MicrosoftPowerBI,MicrosoftPowerBI,Microsoft PowerBI,,低,,normal,
170,募集職種に応じた希望スキル・経験など,ソフトウェアプログラム,MicrosoftPowerpoint,MicrosoftPowerpoint,Microsoft Powerpoint,,低,,normal,
171,募集職種に応じた希望スキル・経験など,ソフトウェアプログラム,MicrosoftProject,MicrosoftProject,Microsoft Project,,低,,normal,
172,募集職種に応じた希望スキル・経験など,ソフトウェアプログラム,MicrosoftVisio,MicrosoftVisio,Microsoft Visio,,低,,normal,
173,募集職種に応じた希望スキル・経験など,ソフトウェアプログラム,MicrosoftWord,MicrosoftWord,Word::MS Word::ワード::Microsoft Word,,低,,normal,
174,募集職種に応じた希望スキル・経験など,ソフトウェアプログラム,Moodle,Moodle,,,低,,normal,
175,募集職種に応じた希望スキル・経験など,ソフトウェアプログラム,NetSuite,NetSuite,,,低,,normal,
176,募集職種に応じた希望スキル・経験など,ソフトウェアプログラム,NewRelic,NewRelic,,,低,,normal,
177,募集職種に応じた希望スキル・経験など,ソフトウェアプログラム,OpenCV,OpenCV,,,低,,normal,
178,募集職種に応じた希望スキル・経験など,ソフトウェアプログラム,OpenStack,OpenStack,,,低,,normal,
179,募集職種に応じた希望スキル・経験など,ソフトウェアプログラム,OracleEBS,OracleEBS,,,低,,normal,
180,募集職種に応じた希望スキル・経験など,ソフトウェアプログラム,PaintToolSai,PaintToolSai,,,低,,normal,
181,募集職種に応じた希望スキル・経験など,ソフトウェアプログラム,PCA会計,PCA会計,,,低,,normal,
182,募集職種に応じた希望スキル・経験など,ソフトウェアプログラム,Pegasystems,Pegasystems,,,低,,normal,
183,募集職種に応じた希望スキル・経験など,ソフトウェアプログラム,POS,POS,,,高,,token_exact,
184,募集職種に応じた希望スキル・経験など,ソフトウェアプログラム,ProTools,ProTools,,,低,,normal,
185,募集職種に応じた希望スキル・経験など,ソフトウェアプログラム,Puppet,Puppet,,,低,,normal,
186,募集職種に応じた希望スキル・経験など,ソフトウェアプログラム,QlikView,QlikView,,,低,,normal,
187,募集職種に応じた希望スキル・経験など,ソフトウェアプログラム,Redmine,Redmine,,,低,,normal,
188,募集職種に応じた希望スキル・経験など,ソフトウェアプログラム,Redshift,Redshift,,,低,,normal,
189,募集職種に応じた希望スキル・経験など,ソフトウェアプログラム,Revit,Revit,,,低,,token_exact,
190,募集職種に応じた希望スキル・経験など,ソフトウェアプログラム,S3,S3,,,高,,token_exact,
191,募集職種に応じた希望スキル・経験など,ソフトウェアプログラム,Salesforce,Salesforce,,,低,,normal,
192,募集職種に応じた希望スキル・経験など,ソフトウェアプログラム,SAP,SAP,,,高,,token_exact,
193,募集職種に応じた希望スキル・経験など,ソフトウェアプログラム,SAPERP,SAPERP,,,低,,normal,
194,募集職種に応じた希望スキル・経験など,ソフトウェアプログラム,SAPS/4HANA,SAPS/4HANA,,,低,,normal,
195,募集職種に応じた希望スキル・経験など,ソフトウェアプログラム,SAS,SAS,,,高,,token_exact,
196,募集職種に応じた希望スキル・経験など,ソフトウェアプログラム,SDLTradosStudio,SDLTradosStudio,,,低,,normal,
197,募集職種に応じた希望スキル・経験など,ソフトウェアプログラム,ServiceNow,ServiceNow,,,低,,normal,
198,募集職種に応じた希望スキル・経験など,ソフトウェアプログラム,SharePoint,SharePoint,,,低,,normal,
199,募集職種に応じた希望スキル・経験など,ソフトウェアプログラム,Sketch,Sketch,,,低,,normal,
200,募集職種に応じた希望スキル・経験など,ソフトウェアプログラム,Sketchup,Sketchup,,,低,,normal,
201,募集職種に応じた希望スキル・経験など,ソフトウェアプログラム,Slack,Slack,,,低,,token_exact,
202,募集職種に応じた希望スキル・経験など,ソフトウェアプログラム,SolidWorks,SolidWorks,,,低,,normal,
203,募集職種に応じた希望スキル・経験など,ソフトウェアプログラム,Solr,Solr,,,低,,token_exact,
204,募集職種に応じた希望スキル・経験など,ソフトウェアプログラム,SPSS,SPSS,,,低,,token_exact,
205,募集職種に応じた希望スキル・経験など,ソフトウェアプログラム,SVN,SVN,,,高,,token_exact,
206,募集職種に応じた希望スキル・経験など,ソフトウェアプログラム,Tableau,Tableau,,,低,,normal,
207,募集職種に応じた希望スキル・経験など,ソフトウェアプログラム,Tekla,Tekla,,,低,,token_exact,
208,募集職種に応じた希望スキル・経験など,ソフトウェアプログラム,Terraform,Terraform,,,低,,normal,
209,募集職種に応じた希望スキル・経験など,ソフトウェアプログラム,Trello,Trello,,,低,,normal,
210,募集職種に応じた希望スキル・経験など,ソフトウェアプログラム,Unity,Unity,,,低,,token_exact,
211,募集職種に応じた希望スキル・経験など,ソフトウェアプログラム,UnrealEngine,UnrealEngine,,,低,,normal,
212,募集職種に応じた希望スキル・経験など,ソフトウェアプログラム,vCenter,vCenter,,,低,,normal,
213,募集職種に応じた希望スキル・経験など,ソフトウェアプログラム,Vectorworks,Vectorworks,,,低,,normal,
214,募集職種に応じた希望スキル・経験など,ソフトウェアプログラム,VisualStudio,VisualStudio,,,低,,normal,
215,募集職種に応じた希望スキル・経験など,ソフトウェアプログラム,VMWare,VMWare,,,低,,normal,
216,募集職種に応じた希望スキル・経験など,ソフトウェアプログラム,Wikisystems,Wikisystems,,,低,,normal,
217,募集職種に応じた希望スキル・経験など,ソフトウェアプログラム,WordPress,WordPress,,,低,,normal,
218,募集職種に応じた希望スキル・経験など,ソフトウェアプログラム,Workday,Workday,,,低,,normal,
219,募集職種に応じた希望スキル・経験など,ソフトウェアプログラム,Xamarin,Xamarin,,,低,,normal,
220,募集職種に応じた希望スキル・経験など,ソフトウェアプログラム,ZBrush,ZBrush,,,低,,normal,
221,募集職種に応じた希望スキル・経験など,ソフトウェアプログラム,Zoom,Zoom,,,低,,token_exact,
222,募集職種に応じた希望スキル・経験など,ソフトウェアプログラム,アーキトレンド,アーキトレンド,,,低,,normal,
223,募集職種に応じた希望スキル・経験など,ソフトウェアプログラム,グラフ（Excel）,グラフ（Excel）,,,低,,normal,
224,募集職種に応じた希望スキル・経験など,ソフトウェアプログラム,コンテンツ管理システム,コンテンツ管理システム,,,低,,normal,
225,募集職種に応じた希望スキル・経験など,ソフトウェアプログラム,デザインツール,デザインツール,,,低,,normal,
226,募集職種に応じた希望スキル・経験など,ソフトウェアプログラム,リモートデスクトップソフトウェア,リモートデスクトップソフトウェア,,,低,,normal,
227,募集職種に応じた希望スキル・経験など,ソフトウェアプログラム,レセコン,レセコン,,,低,,normal,
228,募集職種に応じた希望スキル・経験など,ソフトウェアプログラム,一太郎,一太郎,,,高,,normal,
229,募集職種に応じた希望スキル・経験など,ソフトウェアプログラム,会計ソフトウェア,会計ソフトウェア,,,低,,normal,
230,募集職種に応じた希望スキル・経験など,ソフトウェアプログラム,倉庫管理システム,倉庫管理システム,,,低,,normal,
231,募集職種に応じた希望スキル・経験など,ソフトウェアプログラム,勘定奉行,勘定奉行,,,低,,normal,
232,募集職種に応じた希望スキル・経験など,ソフトウェアプログラム,勤怠管理システム,勤怠管理システム,,,低,,normal,
233,募集職種に応じた希望スキル・経験など,ソフトウェアプログラム,弥生会計,弥生会計,,,低,,normal,
234,募集職種に応じた希望スキル・経験など,ソフトウェアプログラム,弥生給与,弥生給与,,,低,,normal,
235,募集職種に応じた希望スキル・経験など,ソフトウェアプログラム,弥生販売,弥生販売,,,低,,normal,
236,募集職種に応じた希望スキル・経験など,データベース,AmazonRDS,AmazonRDS,Amazon RDS,,低,,normal,
237,募集職種に応じた希望スキル・経験など,データベース,Cassandra,Cassandra,,,低,,normal,
238,募集職種に応じた希望スキル・経験など,データベース,DB2,DB2,,,高,,token_exact,
239,募集職種に応じた希望スキル・経験など,データベース,DynamoDB,DynamoDB,,,低,,normal,
240,募集職種に応じた希望スキル・経験など,データベース,FileMaker,FileMaker,,,低,,normal,
241,募集職種に応じた希望スキル・経験など,データベース,MicrosoftAccess,MicrosoftAccess,Microsoft Access,,低,,normal,
242,募集職種に応じた希望スキル・経験など,データベース,MicrosoftSQLServer,MicrosoftSQLServer,Microsoft SQLServer,,低,,normal,
243,募集職種に応じた希望スキル・経験など,データベース,MongoDB,MongoDB,,,低,,normal,
244,募集職種に応じた希望スキル・経験など,データベース,MySQL,MySQL,,,低,,token_exact,
245,募集職種に応じた希望スキル・経験など,データベース,NoSQL,NoSQL,,,低,,token_exact,
246,募集職種に応じた希望スキル・経験など,データベース,Oracle,Oracle,,,中,,normal,
247,募集職種に応じた希望スキル・経験など,データベース,PostgreSQL,PostgreSQL,,,低,,normal,
248,募集職種に応じた希望スキル・経験など,データベース,Redis,Redis,,,低,,token_exact,
249,募集職種に応じた希望スキル・経験など,データベース,SAPHANA,SAPHANA,,,低,,normal,
250,募集職種に応じた希望スキル・経験など,データベース,SQLite,SQLite,,,低,,normal,
251,募集職種に応じた希望スキル・経験など,データベース,Sybase,Sybase,,,低,,normal,
252,募集職種に応じた希望スキル・経験など,データ分析・可視化スキル,AVERAGE関数,AVERAGE関数,,,低,,normal,
253,募集職種に応じた希望スキル・経験など,データ分析・可視化スキル,COUNT関数,COUNT関数,,,低,,normal,
254,募集職種に応じた希望スキル・経験など,データ分析・可視化スキル,IF関数,IF関数,,,低,,normal,
255,募集職種に応じた希望スキル・経験など,データ分析・可視化スキル,SUMIF関数,SUMIF関数,,,低,,normal,
256,募集職種に応じた希望スキル・経験など,データ分析・可視化スキル,SUM関数,SUM関数,,,低,,normal,
257,募集職種に応じた希望スキル・経験など,データ分析・可視化スキル,VLOOKUP関数,VLOOKUP関数,,,中,,normal,
258,募集職種に応じた希望スキル・経験など,データ分析・可視化スキル,データ分析,データ分析,,,低,,normal,
259,募集職種に応じた希望スキル・経験など,ネットワーク・サーバー技術,4G/LTE,4G/LTE,,,低,,normal,
260,募集職種に応じた希望スキル・経験など,ネットワーク・サーバー技術,ActiveDirectory,ActiveDirectory,,,低,,normal,
261,募集職種に応じた希望スキル・経験など,ネットワーク・サーバー技術,Ajax,Ajax,,,低,,token_exact,
262,募集職種に応じた希望スキル・経験など,ネットワーク・サーバー技術,AS400,AS400,,,低,,token_exact,
263,募集職種に応じた希望スキル・経験など,ネットワーク・サーバー技術,Avaya,Avaya,,,低,,token_exact,
264,募集職種に応じた希望スキル・経験など,ネットワーク・サーバー技術,BGP,BGP,,,高,,token_exact,
265,募集職種に応じた希望スキル・経験など,ネットワーク・サーバー技術,Chef,Chef,,,低,,token_exact,
266,募集職種に応じた希望スキル・経験など,ネットワーク・サーバー技術,CiscoASA,CiscoASA,,,低,,normal,
267,募集職種に応じた希望スキル・経験など,ネットワーク・サーバー技術,DNS,DNS,,,高,,token_exact,
268,募集職種に応じた希望スキル・経験など,ネットワーク・サーバー技術,FTP,FTP,,,高,,token_exact,
269,募集職種に応じた希望スキル・経験など,ネットワーク・サーバー技術,HTTPS,HTTPS,,,低,,token_exact,
270,募集職種に応じた希望スキル・経験など,ネットワーク・サーバー技術,IDS,IDS,,,高,,token_exact,
271,募集職種に応じた希望スキル・経験など,ネットワーク・サーバー技術,IIS,IIS,,,高,,token_exact,
272,募集職種に応じた希望スキル・経験など,ネットワーク・サーバー技術,Internetofthings,Internetofthings,,,低,,normal,
273,募集職種に応じた希望スキル・経験など,ネットワーク・サーバー技術,IPsec,IPsec,,,低,,token_exact,
274,募集職種に応じた希望スキル・経験など,ネットワーク・サーバー技術,JBoss,JBoss,,,低,,token_exact,
275,募集職種に応じた希望スキル・経験など,ネットワーク・サーバー技術,JSP,JSP,,,高,,token_exact,
276,募集職種に応じた希望スキル・経験など,ネットワーク・サーバー技術,Juniper,Juniper,,,低,,normal,
277,募集職種に応じた希望スキル・経験など,ネットワーク・サーバー技術,Kafka,Kafka,,,低,,token_exact,
278,募集職種に応じた希望スキル・経験など,ネットワーク・サーバー技術,Kubernetes,Kubernetes,,,低,,normal,
279,募集職種に応じた希望スキル・経験など,ネットワーク・サーバー技術,LAN,LAN,,,高,,token_exact,
280,募集職種に応じた希望スキル・経験など,ネットワーク・サーバー技術,LoadBalancing,LoadBalancing,,,低,,normal,
281,募集職種に応じた希望スキル・経験など,ネットワーク・サーバー技術,MicrosoftWindowsServer,MicrosoftWindowsServer,Microsoft WindowsServer,,低,,normal,
282,募集職種に応じた希望スキル・経験など,ネットワーク・サーバー技術,Nginx,Nginx,,,低,,token_exact,
283,募集職種に応じた希望スキル・経験など,ネットワーク・サーバー技術,Samba,Samba,,,低,,token_exact,
284,募集職種に応じた希望スキル・経験など,ネットワーク・サーバー技術,SAN,SAN,,,高,,token_exact,
285,募集職種に応じた希望スキル・経験など,ネットワーク・サーバー技術,SSH,SSH,,,高,,token_exact,
286,募集職種に応じた希望スキル・経験など,ネットワーク・サーバー技術,SSL,SSL,,,高,,token_exact,
287,募集職種に応じた希望スキル・経験など,ネットワーク・サーバー技術,TCP,TCP,,,高,,token_exact,
288,募集職種に応じた希望スキル・経験など,ネットワーク・サーバー技術,TCP/IP,TCP/IP,,,低,,normal,
289,募集職種に応じた希望スキル・経験など,ネットワーク・サーバー技術,Tomcat,Tomcat,,,低,,normal,
290,募集職種に応じた希望スキル・経験など,ネットワーク・サーバー技術,VPN,VPN,,,高,,token_exact,
291,募集職種に応じた希望スキル・経験など,ネットワーク・サーバー技術,WAN,WAN,,,高,,token_exact,
292,募集職種に応じた希望スキル・経験など,ネットワーク・サーバー技術,コンピュータネットワーク,コンピュータネットワーク,,,低,,normal,
293,募集職種に応じた希望スキル・経験など,ネットワーク・サーバー技術,ネットワークインフラ,ネットワークインフラ,,,低,,normal,
294,募集職種に応じた希望スキル・経験など,ネットワーク・サーバー技術,ネットワークエンジニアリング,ネットワークエンジニアリング,,,低,,normal,
295,募集職種に応じた希望スキル・経験など,ネットワーク・サーバー技術,ネットワークサポート,ネットワークサポート,,,低,,normal,
296,募集職種に応じた希望スキル・経験など,ネットワーク・サーバー技術,ネットワーク監視,ネットワーク監視,,,低,,normal,
297,募集職種に応じた希望スキル・経験など,ネットワーク・サーバー技術,ネットワーク管理,ネットワーク管理,,,低,,normal,
298,募集職種に応じた希望スキル・経験など,プログラミング言語・フレームワーク,.NET,.NET,,,中,,token_exact,
299,募集職種に応じた希望スキル・経験など,プログラミング言語・フレームワーク,ABAP,ABAP,,,低,,token_exact,
300,募集職種に応じた希望スキル・経験など,プログラミング言語・フレームワーク,ActionScript,ActionScript,,,低,,normal,
301,募集職種に応じた希望スキル・経験など,プログラミング言語・フレームワーク,Angular,Angular,,,低,,normal,
302,募集職種に応じた希望スキル・経験など,プログラミング言語・フレームワーク,ApacheFlink,ApacheFlink,,,低,,normal,
303,募集職種に応じた希望スキル・経験など,プログラミング言語・フレームワーク,ASP,ASP,,,高,,token_exact,
304,募集職種に応じた希望スキル・経験など,プログラミング言語・フレームワーク,ASP.NET,ASP.NET,,,低,,normal,
305,募集職種に応じた希望スキル・経験など,プログラミング言語・フレームワーク,ASP.NETCore,ASP.NETCore,,,低,,normal,
306,募集職種に応じた希望スキル・経験など,プログラミング言語・フレームワーク,Backbone.js,Backbone.js,,,低,,normal,
307,募集職種に応じた希望スキル・経験など,プログラミング言語・フレームワーク,Bash,Bash,,,低,,token_exact,
308,募集職種に応じた希望スキル・経験など,プログラミング言語・フレームワーク,Bootstrap,Bootstrap,,,低,,normal,
309,募集職種に応じた希望スキル・経験など,プログラミング言語・フレームワーク,C,C,,,高,,token_exact,
310,募集職種に応じた希望スキル・経験など,プログラミング言語・フレームワーク,C#,C#,,,高,,token_exact,
311,募集職種に応じた希望スキル・経験など,プログラミング言語・フレームワーク,C++,C++,,,高,,token_exact,
312,募集職種に応じた希望スキル・経験など,プログラミング言語・フレームワーク,COBOL,COBOL,,,低,,token_exact,
313,募集職種に応じた希望スキル・経験など,プログラミング言語・フレームワーク,Cordova,Cordova,,,低,,normal,
314,募集職種に応じた希望スキル・経験など,プログラミング言語・フレームワーク,CSS,CSS,,,高,,token_exact,
315,募集職種に応じた希望スキル・経験など,プログラミング言語・フレームワーク,Delphi,Delphi,,,低,,normal,
316,募集職種に応じた希望スキル・経験など,プログラミング言語・フレームワーク,Django,Django,,,低,,normal,
317,募集職種に応じた希望スキル・経験など,プログラミング言語・フレームワーク,Ember.js,Ember.js,,,低,,normal,
318,募集職種に応じた希望スキル・経験など,プログラミング言語・フレームワーク,EntityFramework,EntityFramework,,,低,,normal,
319,募集職種に応じた希望スキル・経験など,プログラミング言語・フレームワーク,Erlang,Erlang,,,低,,normal,
320,募集職種に応じた希望スキル・経験など,プログラミング言語・フレームワーク,Flutter,Flutter,,,低,,normal,
321,募集職種に応じた希望スキル・経験など,プログラミング言語・フレームワーク,FORTRAN,FORTRAN,,,低,,normal,
322,募集職種に応じた希望スキル・経験など,プログラミング言語・フレームワーク,Go,Go,,,高,,token_exact,
323,募集職種に応じた希望スキル・経験など,プログラミング言語・フレームワーク,GraphQL,GraphQL,,,低,,normal,
324,募集職種に応じた希望スキル・経験など,プログラミング言語・フレームワーク,Groovy,Groovy,,,低,,normal,
325,募集職種に応じた希望スキル・経験など,プログラミング言語・フレームワーク,Hadoop,Hadoop,,,低,,normal,
326,募集職種に応じた希望スキル・経験など,プログラミング言語・フレームワーク,HTML5,HTML5,,,低,,token_exact,
327,募集職種に応じた希望スキル・経験など,プログラミング言語・フレームワーク,J2EE,J2EE,,,低,,token_exact,
328,募集職種に応じた希望スキル・経験など,プログラミング言語・フレームワーク,Java,Java,,,中,,token_exact,
329,募集職種に応じた希望スキル・経験など,プログラミング言語・フレームワーク,JavaScript,JavaScript,,,低,,normal,
330,募集職種に応じた希望スキル・経験など,プログラミング言語・フレームワーク,JPA,JPA,,,高,,token_exact,
331,募集職種に応じた希望スキル・経験など,プログラミング言語・フレームワーク,jQuery,jQuery,,,低,,normal,
332,募集職種に応じた希望スキル・経験など,プログラミング言語・フレームワーク,JUnit,JUnit,,,低,,token_exact,
333,募集職種に応じた希望スキル・経験など,プログラミング言語・フレームワーク,Kotlin,Kotlin,,,低,,normal,
334,募集職種に応じた希望スキル・経験など,プログラミング言語・フレームワーク,LabVIEW,LabVIEW,,,低,,normal,
335,募集職種に応じた希望スキル・経験など,プログラミング言語・フレームワーク,Laravel,Laravel,,,低,,normal,
336,募集職種に応じた希望スキル・経験など,プログラミング言語・フレームワーク,LESS,LESS,,,低,,token_exact,
337,募集職種に応じた希望スキル・経験など,プログラミング言語・フレームワーク,MATLAB,MATLAB,,,低,,normal,
338,募集職種に応じた希望スキル・経験など,プログラミング言語・フレームワーク,MVC,MVC,,,高,,token_exact,
339,募集職種に応じた希望スキル・経験など,プログラミング言語・フレームワーク,Node.js,Node.js,,,低,,normal,
340,募集職種に応じた希望スキル・経験など,プログラミング言語・フレームワーク,Nuxt.js,Nuxt.js,,,低,,normal,
341,募集職種に応じた希望スキル・経験など,プログラミング言語・フレームワーク,Objective-C,Objective-C,,,低,,normal,
342,募集職種に応じた希望スキル・経験など,プログラミング言語・フレームワーク,OpenGL,OpenGL,,,低,,normal,
343,募集職種に応じた希望スキル・経験など,プログラミング言語・フレームワーク,Perl,Perl,,,低,,token_exact,
344,募集職種に応じた希望スキル・経験など,プログラミング言語・フレームワーク,PHP,PHP,,,高,,token_exact,
345,募集職種に応じた希望スキル・経験など,プログラミング言語・フレームワーク,PL/SQL,PL/SQL,,,低,,normal,
346,募集職種に応じた希望スキル・経験など,プログラミング言語・フレームワーク,PlayFramework,PlayFramework,,,低,,normal,
347,募集職種に応じた希望スキル・経験など,プログラミング言語・フレームワーク,PowerShell,PowerShell,,,低,,normal,
348,募集職種に応じた希望スキル・経験など,プログラミング言語・フレームワーク,Python,Python,,,低,,normal,
349,募集職種に応じた希望スキル・経験など,プログラミング言語・フレームワーク,React,React,,,低,,token_exact,
350,募集職種に応じた希望スキル・経験など,プログラミング言語・フレームワーク,ReactNative,ReactNative,,,低,,normal,
351,募集職種に応じた希望スキル・経験など,プログラミング言語・フレームワーク,Redux,Redux,,,低,,token_exact,
352,募集職種に応じた希望スキル・経験など,プログラミング言語・フレームワーク,Ruby,Ruby,,,低,,token_exact,
353,募集職種に応じた希望スキル・経験など,プログラミング言語・フレームワーク,RubyonRails,RubyonRails,,,低,,normal,
354,募集職種に応じた希望スキル・経験など,プログラミング言語・フレームワーク,Rust,Rust,,,低,,token_exact,
355,募集職種に応じた希望スキル・経験など,プログラミング言語・フレームワーク,R言語,R言語,,,高,,normal,
356,募集職種に応じた希望スキル・経験など,プログラミング言語・フレームワーク,SASS,SASS,,,低,,token_exact,
357,募集職種に応じた希望スキル・経験など,プログラミング言語・フレームワーク,Scala,Scala,,,低,,token_exact,
358,募集職種に応じた希望スキル・経験など,プログラミング言語・フレームワーク,SCSS,SCSS,,,低,,token_exact,
359,募集職種に応じた希望スキル・経験など,プログラミング言語・フレームワーク,Selenium,Selenium,,,低,,normal,
360,募集職種に応じた希望スキル・経験など,プログラミング言語・フレームワーク,Shellスクリプト,Shellスクリプト,,,低,,normal,
361,募集職種に応じた希望スキル・経験など,プログラミング言語・フレームワーク,Spark,Spark,,,低,,token_exact,
362,募集職種に応じた希望スキル・経験など,プログラミング言語・フレームワーク,Spring,Spring,,,低,,normal,
363,募集職種に応じた希望スキル・経験など,プログラミング言語・フレームワーク,SQL,SQL,,,高,,token_exact,
364,募集職種に応じた希望スキル・経験など,プログラミング言語・フレームワーク,Struts,Struts,,,低,,normal,
365,募集職種に応じた希望スキル・経験など,プログラミング言語・フレームワーク,orchestrate,orchestrate,,,低,,normal,
366,募集職種に応じた希望スキル・経験など,プログラミング言語・フレームワーク,SystemC,SystemC,,,低,,normal,
367,募集職種に応じた希望スキル・経験など,プログラミング言語・フレームワーク,T-SQL,T-SQL,,,低,,token_exact,
368,募集職種に応じた希望スキル・経験など,プログラミング言語・フレームワーク,TensorFlow,TensorFlow,,,低,,normal,
369,募集職種に応じた希望スキル・経験など,プログラミング言語・フレームワーク,TypeScript,TypeScript,,,低,,normal,
370,募集職種に応じた希望スキル・経験など,プログラミング言語・フレームワーク,VBA,VBA,,,高,,token_exact,
371,募集職種に応じた希望スキル・経験など,プログラミング言語・フレームワーク,VisualBasic,VisualBasic,,,低,,normal,
372,募集職種に応じた希望スキル・経験など,プログラミング言語・フレームワーク,Vue.js,Vue.js,,,低,,normal,
373,募集職種に応じた希望スキル・経験など,プログラミング言語・フレームワーク,XML,XML,,,高,,token_exact,
374,募集職種に応じた希望スキル・経験など,プロジェクト・プログラム・プロセス管理スキル,プロジェクトマネジメント,プロジェクトマネジメント,,,低,,normal,
375,募集職種に応じた希望スキル・経験など,プロジェクト・プログラム・プロセス管理スキル,商品開発,商品開発,,,低,,normal,
376,募集職種に応じた希望スキル・経験など,プロジェクト・プログラム・プロセス管理スキル,施工管理,施工管理,,,高,,normal,
377,募集職種に応じた希望スキル・経験など,プロジェクト・プログラム・プロセス管理スキル,要件定義,要件定義,,,低,,normal,
378,募集職種に応じた希望スキル・経験など,プロジェクト・プログラム・プロセス管理スキル,要求分析,要求分析,,,低,,normal,
379,募集職種に応じた希望スキル・経験など,マーケティング・広報スキル,ウェブサイト運用,ウェブサイト運用,,,低,,normal,
380,募集職種に応じた希望スキル・経験など,マーケティング・広報スキル,マーケティング,マーケティング,,,低,,normal,
381,募集職種に応じた希望スキル・経験など,マーケティング・広報スキル,広報,広報,,,高,,normal,
382,募集職種に応じた希望スキル・経験など,メディア・クリエイティブ・デザインスキル,イラストレーション,イラストレーション,,,低,,normal,
383,募集職種に応じた希望スキル・経験など,メディア・クリエイティブ・デザインスキル,ウェブデザイン,ウェブデザイン,,,低,,normal,
384,募集職種に応じた希望スキル・経験など,メディア・クリエイティブ・デザインスキル,グラフィックデザイン,グラフィックデザイン,,,低,,normal,
385,募集職種に応じた希望スキル・経験など,メディア・クリエイティブ・デザインスキル,写真撮影,写真撮影,,,低,,normal,
386,募集職種に応じた希望スキル・経験など,メディア・クリエイティブ・デザインスキル,動画編集,動画編集,,,低,,normal,
387,募集職種に応じた希望スキル・経験など,メディア・クリエイティブ・デザインスキル,映像制作,映像制作,,,低,,normal,
388,募集職種に応じた希望スキル・経験など,ライティング・編集・校正・コミュニケーションスキル,コミュニケーションスキル,コミュニケーションスキル,,,低,,normal,
389,募集職種に応じた希望スキル・経験など,ライティング・編集・校正・コミュニケーションスキル,ビジネス英語,ビジネス英語,,,低,,normal,
390,募集職種に応じた希望スキル・経験など,ライティング・編集・校正・コミュニケーションスキル,プレゼンテーションスキル,プレゼンテーションスキル,,,低,,normal,
391,募集職種に応じた希望スキル・経験など,ライティング・編集・校正・コミュニケーションスキル,ライティングスキル,ライティングスキル,,,低,,normal,
392,募集職種に応じた希望スキル・経験など,ライティング・編集・校正・コミュニケーションスキル,校正,校正,,,高,,normal,
393,募集職種に応じた希望スキル・経験など,ライティング・編集・校正・コミュニケーションスキル,翻訳,翻訳,,,高,,normal,
394,募集職種に応じた希望スキル・経験など,ライティング・編集・校正・コミュニケーションスキル,英会話,英会話,,,高,,normal,
395,募集職種に応じた希望スキル・経験など,ライティング・編集・校正・コミュニケーションスキル,通訳,通訳,,,高,,normal,
396,募集職種に応じた希望スキル・経験など,リーダーシップ・マネジメントスキル,ECサイト運営,ECサイト運営,,,低,,normal,
397,募集職種に応じた希望スキル・経験など,リーダーシップ・マネジメントスキル,イベント企画,イベント企画,,,低,,normal,
398,募集職種に応じた希望スキル・経験など,リーダーシップ・マネジメントスキル,エリアマネージャー経験,エリアマネージャー経験,,,低,,normal,
399,募集職種に応じた希望スキル・経験など,リーダーシップ・マネジメントスキル,コールセンターSV経験,コールセンターSV経験,,,低,,normal,
400,募集職種に応じた希望スキル・経験など,リーダーシップ・マネジメントスキル,チームマネジメント,チームマネジメント,,,低,,normal,
401,募集職種に応じた希望スキル・経験など,リーダーシップ・マネジメントスキル,リーダーシップ,リーダーシップ,,,低,,normal,
402,募集職種に応じた希望スキル・経験など,リーダーシップ・マネジメントスキル,管理職・マネジメント経験,管理職・マネジメント経験,,,低,,normal,
403,募集職種に応じた希望スキル・経験など,医療スキル,マッサージ,マッサージ,,,中,,normal,
404,募集職種に応じた希望スキル・経験など,医療スキル,メガネ販売経験,メガネ販売経験,,,低,,normal,
405,募集職種に応じた希望スキル・経験など,医療スキル,保健師経験,保健師経験,,,低,,normal,
406,募集職種に応じた希望スキル・経験など,医療スキル,健康診断,健康診断,,,中,,normal,
407,募集職種に応じた希望スキル・経験など,医療スキル,医療器具滅菌,医療器具滅菌,,,低,,normal,
408,募集職種に応じた希望スキル・経験など,医療スキル,小児科勤務経験,小児科勤務経験,,,低,,normal,
409,募集職種に応じた希望スキル・経験など,医療スキル,心臓カテーテル,心臓カテーテル,,,低,,normal,
410,募集職種に応じた希望スキル・経験など,医療スキル,患者対応経験,患者対応経験,,,低,,normal,
411,募集職種に応じた希望スキル・経験など,医療スキル,整体,整体,,,高,整体院,normal,
412,募集職種に応じた希望スキル・経験など,医療スキル,栄養指導経験,栄養指導経験,,,低,,normal,
413,募集職種に応じた希望スキル・経験など,医療スキル,歯科助手経験,歯科助手経験,,,低,,normal,
414,募集職種に応じた希望スキル・経験など,医療スキル,注射経験,注射経験,,,低,,normal,
415,募集職種に応じた希望スキル・経験など,医療スキル,点滴,点滴,,,高,,normal,
416,募集職種に応じた希望スキル・経験など,医療スキル,病院勤務経験,病院勤務経験,,,低,,normal,
417,募集職種に応じた希望スキル・経験など,医療スキル,看護,看護,,,高,准看護師手当::正看護師手当::准看護師免許::看護師免許::認定動物看護師資格,normal,
418,募集職種に応じた希望スキル・経験など,医療スキル,眼科勤務経験,眼科勤務経験,,,低,,normal,
419,募集職種に応じた希望スキル・経験など,医療スキル,臨床,臨床,,,高,臨床工学技士免許::臨床検査技師免許::臨床心理士資格::臨床発達心理士資格,normal,
420,募集職種に応じた希望スキル・経験など,医療スキル,解剖学,解剖学,,,高,,normal,
421,募集職種に応じた希望スキル・経験など,医療スキル,超音波検査,超音波検査,,,低,,normal,
422,募集職種に応じた希望スキル・経験など,医療スキル,透析,透析,,,高,透析施設,normal,
423,募集職種に応じた希望スキル・経験など,飲食サービススキル,キッチン経験,キッチン経験,,,低,,normal,
424,募集職種に応じた希望スキル・経験など,飲食サービススキル,バーテンダー経験,バーテンダー経験,,,低,,normal,
425,募集職種に応じた希望スキル・経験など,飲食サービススキル,バリスタ経験,バリスタ経験,,,低,,normal,
426,募集職種に応じた希望スキル・経験など,飲食サービススキル,パン製造,パン製造,,,低,,normal,
427,募集職種に応じた希望スキル・経験など,飲食サービススキル,フランス料理経験,フランス料理経験,,,低,,normal,
428,募集職種に応じた希望スキル・経験など,飲食サービススキル,メニュー開発,メニュー開発,,,低,,normal,
429,募集職種に応じた希望スキル・経験など,飲食サービススキル,レストラン経験,レストラン経験,,,低,,normal,
430,募集職種に応じた希望スキル・経験など,飲食サービススキル,中華料理経験,中華料理経験,,,低,,normal,
431,募集職種に応じた希望スキル・経験など,飲食サービススキル,包丁,包丁,,,高,,normal,
432,募集職種に応じた希望スキル・経験など,飲食サービススキル,外食業界,外食業界,,,低,,normal,
433,募集職種に応じた希望スキル・経験など,飲食サービススキル,大量調理,大量調理,,,低,,normal,
434,募集職種に応じた希望スキル・経験など,飲食サービススキル,宴会サービス経験,宴会サービス経験,,,低,,normal,
435,募集職種に応じた希望スキル・経験など,飲食サービススキル,日本料理経験,日本料理経験,,,低,,normal,
436,募集職種に応じた希望スキル・経験など,飲食サービススキル,献立作成,献立作成,,,低,,normal,
437,募集職種に応じた希望スキル・経験など,飲食サービススキル,給食調理,給食調理,,,低,,normal,
438,募集職種に応じた希望スキル・経験など,飲食サービススキル,製菓,製菓,,,高,,normal,
439,募集職種に応じた希望スキル・経験など,飲食サービススキル,調理,調理,,,高,調理師免許,normal,
440,募集職種に応じた希望スキル・経験など,飲食サービススキル,配膳,配膳,,,高,,normal,
441,募集職種に応じた希望スキル・経験など,飲食サービススキル,食品加工,食品加工,,,低,,normal,
442,募集職種に応じた希望スキル・経験など,飲食サービススキル,食品業界,食品業界,,,低,,normal,
443,募集職種に応じた希望スキル・経験など,飲食サービススキル,食品製造,食品製造,,,低,,normal,
444,募集職種に応じた希望スキル・経験など,飲食サービススキル,飲食業界,飲食業界,,,低,,normal,
445,募集職種に応じた希望スキル・経験など,飲食サービススキル,鮮魚加工,鮮魚加工,,,低,,normal,
446,募集職種に応じた希望スキル・経験など,運搬スキル,ピッキング,ピッキング,,,低,,normal,
447,募集職種に応じた希望スキル・経験など,運搬スキル,梱包,梱包,,,高,,normal,
448,募集職種に応じた希望スキル・経験など,営業・販売スキル,カウンターセールス,カウンターセールス,,,低,,normal,
449,募集職種に応じた希望スキル・経験など,営業・販売スキル,コンサルティング営業,コンサルティング営業,,,低,,normal,
450,募集職種に応じた希望スキル・経験など,営業・販売スキル,スマホ販売,スマホ販売,携帯販売::携帯電話販売,,低,,normal,
451,募集職種に応じた希望スキル・経験など,営業・販売スキル,ソリューション営業,ソリューション営業,,,低,,normal,
452,募集職種に応じた希望スキル・経験など,営業・販売スキル,フィールドセールス,フィールドセールス,,,低,,normal,
453,募集職種に応じた希望スキル・経験など,営業・販売スキル,プリセールス,プリセールス,,,低,,normal,
454,募集職種に応じた希望スキル・経験など,営業・販売スキル,ルート営業,ルート営業,,,低,,normal,
455,募集職種に応じた希望スキル・経験など,営業・販売スキル,不動産営業,不動産営業,,,低,,normal,
456,募集職種に応じた希望スキル・経験など,営業・販売スキル,企画営業,企画営業,,,低,,normal,
457,募集職種に応じた希望スキル・経験など,営業・販売スキル,住宅営業,住宅営業,,,低,,normal,
458,募集職種に応じた希望スキル・経験など,営業・販売スキル,保険営業,保険営業,,,低,,normal,
459,募集職種に応じた希望スキル・経験など,営業・販売スキル,個人営業,個人営業,,,低,,normal,
460,募集職種に応じた希望スキル・経験など,営業・販売スキル,反響営業,反響営業,,,低,,normal,
461,募集職種に応じた希望スキル・経験など,営業・販売スキル,営業サポート経験,営業サポート経験,,,低,,normal,
462,募集職種に応じた希望スキル・経験など,営業・販売スキル,営業事務,営業事務,,,低,,normal,
463,募集職種に応じた希望スキル・経験など,営業・販売スキル,営業企画,営業企画,,,低,,normal,
464,募集職種に応じた希望スキル・経験など,営業・販売スキル,営業経験,営業経験,,,低,,normal,
465,募集職種に応じた希望スキル・経験など,営業・販売スキル,小売経験,小売経験,,,低,,normal,
466,募集職種に応じた希望スキル・経験など,営業・販売スキル,建築営業,建築営業,,,低,,normal,
467,募集職種に応じた希望スキル・経験など,営業・販売スキル,建設営業,建設営業,,,低,,normal,
468,募集職種に応じた希望スキル・経験など,営業・販売スキル,提案営業,提案営業,,,低,,normal,
469,募集職種に応じた希望スキル・経験など,営業・販売スキル,新規開拓営業,新規開拓営業,,,低,,normal,
470,募集職種に応じた希望スキル・経験など,営業・販売スキル,法人営業,法人営業,,,低,,normal,
471,募集職種に応じた希望スキル・経験など,営業・販売スキル,海外営業,海外営業,,,低,,normal,
472,募集職種に応じた希望スキル・経験など,営業・販売スキル,深耕営業,深耕営業,,,低,,normal,
473,募集職種に応じた希望スキル・経験など,営業・販売スキル,自動車販売,自動車販売,,,低,,normal,
474,募集職種に応じた希望スキル・経験など,営業・販売スキル,訪問販売,訪問販売,,,低,,normal,
475,募集職種に応じた希望スキル・経験など,営業・販売スキル,販売経験,販売経験,,,低,,normal,
476,募集職種に応じた希望スキル・経験など,営業・販売スキル,賃貸営業,賃貸営業,,,低,,normal,
477,募集職種に応じた希望スキル・経験など,介護・保育スキル,介護,介護,介護業務,介護職::介護スタッフ::介護経験,高,介護休暇::介護事務::介護保険,context,
478,募集職種に応じた希望スキル・経験など,介護・保育スキル,介護付き住宅勤務経験,介護付き住宅勤務経験,,,低,,normal,
479,募集職種に応じた希望スキル・経験など,介護・保育スキル,介護施設経験,介護施設経験,,,低,,normal,
480,募集職種に応じた希望スキル・経験など,介護・保育スキル,保育,保育,保育業務,保育スタッフ::保育業務経験,高,保育園::保育所::保育士免許::保育料補助::慣らし保育,normal,
481,募集職種に応じた希望スキル・経験など,介護・保育スキル,入浴介助,入浴介助,,,低,,normal,
482,募集職種に応じた希望スキル・経験など,介護・保育スキル,排泄介助,排泄介助,,,低,,normal,
483,募集職種に応じた希望スキル・経験など,介護・保育スキル,訪問介護,訪問介護,,,低,,normal,
484,募集職種に応じた希望スキル・経験など,介護・保育スキル,訪問入浴,訪問入浴,,,低,,normal,
485,募集職種に応じた希望スキル・経験など,介護・保育スキル,訪問看護,訪問看護,,,低,,normal,
486,募集職種に応じた希望スキル・経験など,教育・指導スキル,保育園勤務経験,保育園勤務経験,,,低,,normal,
487,募集職種に応じた希望スキル・経験など,教育・指導スキル,国語教育,国語教育,,,低,,normal,
488,募集職種に応じた希望スキル・経験など,教育・指導スキル,家庭教師経験,家庭教師経験,,,低,,normal,
489,募集職種に応じた希望スキル・経験など,教育・指導スキル,幼児教育,幼児教育,,,低,,normal,
490,募集職種に応じた希望スキル・経験など,教育・指導スキル,幼稚園勤務経験,幼稚園勤務経験,,,低,,normal,
491,募集職種に応じた希望スキル・経験など,教育・指導スキル,指導,指導,,,高,児童指導員任用資格::職業訓練指導員免許::警備員指導教育責任者免許::健康運動実践指導者資格::健康運動指導士資格,normal,
492,募集職種に応じた希望スキル・経験など,教育・指導スキル,教室経験,教室経験,,,低,,normal,
493,募集職種に応じた希望スキル・経験など,教育・指導スキル,特別支援教育,特別支援教育,,,低,,normal,
494,募集職種に応じた希望スキル・経験など,教育・指導スキル,英語指導,英語指導,,,低,,normal,
495,募集職種に応じた希望スキル・経験など,経営戦略・企画スキル,コンサルティング,コンサルティング,,,低,,normal,
496,募集職種に応じた希望スキル・経験など,経営戦略・企画スキル,ビジネスコーチング,ビジネスコーチング,,,低,,normal,
497,募集職種に応じた希望スキル・経験など,経営戦略・企画スキル,事業開発,事業開発,,,低,,normal,
498,募集職種に応じた希望スキル・経験など,建設・製造スキル,OEM,OEM,,,高,,token_exact,
499,募集職種に応じた希望スキル・経験など,建設・製造スキル,ハンダ付け,ハンダ付け,,,低,,normal,
500,募集職種に応じた希望スキル・経験など,建設・製造スキル,リフォーム,リフォーム,,,低,,normal,
501,募集職種に応じた希望スキル・経験など,建設・製造スキル,包装,包装,,,高,,normal,
502,募集職種に応じた希望スキル・経験など,建設・製造スキル,大工経験,大工経験,,,低,,normal,
503,募集職種に応じた希望スキル・経験など,建設・製造スキル,工事,工事,,,高,工事現場::施工管理技士免許::工事担任者免許::工事監督者免許::基礎工事用,normal,
504,募集職種に応じた希望スキル・経験など,建設・製造スキル,工事現場勤務経験,工事現場勤務経験,,,低,,normal,
505,募集職種に応じた希望スキル・経験など,建設・製造スキル,工具,工具,,,高,,normal,
506,募集職種に応じた希望スキル・経験など,建設・製造スキル,工業用ミシン,工業用ミシン,,,低,,normal,
507,募集職種に応じた希望スキル・経験など,建設・製造スキル,左官工事,左官工事,,,低,,normal,
508,募集職種に応じた希望スキル・経験など,建設・製造スキル,建築塗装,建築塗装,,,低,,normal,
509,募集職種に応じた希望スキル・経験など,建設・製造スキル,板金加工,板金加工,,,低,,normal,
510,募集職種に応じた希望スキル・経験など,建設・製造スキル,機械オペレーション,機械オペレーション,,,低,,normal,
511,募集職種に応じた希望スキル・経験など,建設・製造スキル,水道工事,水道工事,,,低,,normal,
512,募集職種に応じた希望スキル・経験など,建設・製造スキル,溶接,溶接,,,高,,normal,
513,募集職種に応じた希望スキル・経験など,建設・製造スキル,組立,組立,組み立て::組立て,,高,,normal,
514,募集職種に応じた希望スキル・経験など,建設・製造スキル,縫製,縫製,,,高,,normal,
515,募集職種に応じた希望スキル・経験など,建設・製造スキル,裁縫,裁縫,,,高,,normal,
516,募集職種に応じた希望スキル・経験など,建設・製造スキル,製造,製造,,,高,製造保安責任者免許,normal,
517,募集職種に応じた希望スキル・経験など,建設・製造スキル,造作工事,造作工事,,,低,,normal,
518,募集職種に応じた希望スキル・経験など,建設・製造スキル,土壌汚染調査,土壌汚染調査,,,低,,normal,
519,募集職種に応じた希望スキル・経験など,建設・製造スキル,機械設計,機械設計,,,低,,normal,
520,募集職種に応じた希望スキル・経験など,建設・製造スキル,測量,測量,,,高,,normal,
521,募集職種に応じた希望スキル・経験など,建設・製造スキル,環境アセスメント,環境アセスメント,,,低,,normal,
522,募集職種に応じた希望スキル・経験など,財務・会計スキル,ファイナンシャルプランニング,ファイナンシャルプランニング,,,低,,normal,
523,募集職種に応じた希望スキル・経験など,財務・会計スキル,リスク管理,リスク管理,,,低,,normal,
524,募集職種に応じた希望スキル・経験など,財務・会計スキル,予算管理,予算管理,,,低,,normal,
525,募集職種に応じた希望スキル・経験など,財務・会計スキル,仕訳,仕訳,,,高,,normal,
526,募集職種に応じた希望スキル・経験など,財務・会計スキル,債権,債権,,,高,,normal,
527,募集職種に応じた希望スキル・経験など,財務・会計スキル,原価計算,原価計算,,,低,,normal,
528,募集職種に応じた希望スキル・経験など,財務・会計スキル,売掛金,売掛金,,,高,,normal,
529,募集職種に応じた希望スキル・経験など,財務・会計スキル,年末調整,年末調整,,,低,,normal,
530,募集職種に応じた希望スキル・経験など,財務・会計スキル,投資,投資,,,高,,normal,
531,募集職種に応じた希望スキル・経験など,財務・会計スキル,投資銀行業務経験,投資銀行業務経験,,,低,,normal,
532,募集職種に応じた希望スキル・経験など,財務・会計スキル,監査,監査,,,高,,normal,
533,募集職種に応じた希望スキル・経験など,財務・会計スキル,税務会計,税務会計,,,低,,normal,
534,募集職種に応じた希望スキル・経験など,財務・会計スキル,税務経験,税務経験,,,低,,normal,
535,募集職種に応じた希望スキル・経験など,財務・会計スキル,簿記,簿記,,,高,,normal,
536,募集職種に応じた希望スキル・経験など,財務・会計スキル,経理・会計,経理・会計,,,低,,normal,
537,募集職種に応じた希望スキル・経験など,財務・会計スキル,給与計算,給与計算,,,低,,normal,
538,募集職種に応じた希望スキル・経験など,財務・会計スキル,財務,財務,,,高,,normal,
539,募集職種に応じた希望スキル・経験など,財務・会計スキル,財務会計,財務会計,,,低,,normal,
540,募集職種に応じた希望スキル・経験など,財務・会計スキル,財務諸表作成,財務諸表作成,,,低,,normal,
541,募集職種に応じた希望スキル・経験など,財務・会計スキル,財務諸表分析,財務諸表分析,,,低,,normal,
542,募集職種に応じた希望スキル・経験など,財務・会計スキル,買掛金,買掛金,,,高,,normal,
543,募集職種に応じた希望スキル・経験など,財務・会計スキル,資産運用,資産運用,,,低,,normal,
544,募集職種に応じた希望スキル・経験など,財務・会計スキル,金融業界経験,金融業界経験,,,低,,normal,
545,募集職種に応じた希望スキル・経験など,財務・会計スキル,銀行業務,銀行業務,,,低,,normal,
546,募集職種に応じた希望スキル・経験など,事務・カスタマーサービススキル,PCスキル,PCスキル,パソコンスキル,,低,PCスキル不要::パソコンスキル不要::PCスキル不問,normal,
547,募集職種に応じた希望スキル・経験など,事務・カスタマーサービススキル,カスタマーサポート,カスタマーサポート,,,低,,normal,
548,募集職種に応じた希望スキル・経験など,事務・カスタマーサービススキル,カルテ入力,カルテ入力,,,低,,normal,
549,募集職種に応じた希望スキル・経験など,事務・カスタマーサービススキル,クレーム対応,クレーム対応,,,低,,normal,
550,募集職種に応じた希望スキル・経験など,事務・カスタマーサービススキル,コールセンター経験,コールセンター経験,,,低,,normal,
551,募集職種に応じた希望スキル・経験など,事務・カスタマーサービススキル,スケジュール管理,スケジュール管理,,,低,,normal,
552,募集職種に応じた希望スキル・経験など,事務・カスタマーサービススキル,タイピング,タイピング,,PC入力::パソコン入力::キーボード入力,低,,normal,
553,募集職種に応じた希望スキル・経験など,事務・カスタマーサービススキル,チャットサポート,チャットサポート,,,低,,normal,
554,募集職種に応じた希望スキル・経験など,事務・カスタマーサービススキル,データ入力,データ入力,,,低,,normal,
555,募集職種に応じた希望スキル・経験など,事務・カスタマーサービススキル,テレアポ経験,テレアポ経験,,,低,,normal,
556,募集職種に応じた希望スキル・経験など,事務・カスタマーサービススキル,ビジネススキル,ビジネススキル,,,低,,normal,
557,募集職種に応じた希望スキル・経験など,事務・カスタマーサービススキル,ビジネスマナー,ビジネスマナー,,,低,,normal,
558,募集職種に応じた希望スキル・経験など,事務・カスタマーサービススキル,ブラインドタッチ,ブラインドタッチ,タッチタイピング,,低,,normal,
559,募集職種に応じた希望スキル・経験など,事務・カスタマーサービススキル,フロント受付,フロント受付,,,低,,normal,
560,募集職種に応じた希望スキル・経験など,事務・カスタマーサービススキル,レセプト作成,レセプト作成,,,低,,normal,
561,募集職種に応じた希望スキル・経験など,事務・カスタマーサービススキル,ワープロ,ワープロ,,,低,,normal,
562,募集職種に応じた希望スキル・経験など,事務・カスタマーサービススキル,事務,事務,,,高,事務所,normal,
563,募集職種に応じた希望スキル・経験など,事務・カスタマーサービススキル,介護事務,介護事務,,,低,,normal,
564,募集職種に応じた希望スキル・経験など,事務・カスタマーサービススキル,医療事務,医療事務,,,低,,normal,
565,募集職種に応じた希望スキル・経験など,事務・カスタマーサービススキル,学校事務,学校事務,,,低,,normal,
566,募集職種に応じた希望スキル・経験など,事務・カスタマーサービススキル,客室乗務員経験,客室乗務員経験,,,低,,normal,
567,募集職種に応じた希望スキル・経験など,事務・カスタマーサービススキル,接客,接客,,,高,接客なし::接客無し::接客ナシ,normal,
568,募集職種に応じた希望スキル・経験など,事務・カスタマーサービススキル,歯科医院受付,歯科医院受付,,,低,,normal,
569,募集職種に応じた希望スキル・経験など,事務・カスタマーサービススキル,病院受付,病院受付,,,低,,normal,
570,募集職種に応じた希望スキル・経験など,事務・カスタマーサービススキル,秘書業務,秘書業務,,,低,,normal,
571,募集職種に応じた希望スキル・経験など,事務・カスタマーサービススキル,総務経験,総務経験,,,低,,normal,
572,募集職種に応じた希望スキル・経験など,事務・カスタマーサービススキル,調剤薬局事務,調剤薬局事務,,,低,,normal,
573,募集職種に応じた希望スキル・経験など,事務・カスタマーサービススキル,電子カルテ,電子カルテ,,,低,,normal,
574,募集職種に応じた希望スキル・経験など,事務・カスタマーサービススキル,電話応対,電話応対,,,低,,normal,
575,募集職種に応じた希望スキル・経験など,事務・カスタマーサービススキル,顧客対応,顧客対応,,,低,,normal,
576,募集職種に応じた希望スキル・経験など,実験スキル,ELISA,ELISA,,,低,,token_exact,
577,募集職種に応じた希望スキル・経験など,実験スキル,HPLC,HPLC,,,低,,token_exact,
578,募集職種に応じた希望スキル・経験など,実験スキル,PCR,PCR,,,高,,token_exact,
579,募集職種に応じた希望スキル・経験など,実験スキル,フローサイトメトリー,フローサイトメトリー,,,低,,normal,
580,募集職種に応じた希望スキル・経験など,実験スキル,原子吸光,原子吸光,,,低,,normal,
581,募集職種に応じた希望スキル・経験など,実験スキル,走査電子顕微鏡,走査電子顕微鏡,,,低,,normal,
582,募集職種に応じた希望スキル・経験など,車両デザイン・製造・整備・修理スキル,自動車整備,自動車整備,,,高,,normal,
583,募集職種に応じた希望スキル・経験など,車両運転スキル,運転,運転,,,高,運転技能講習::運転記録証明書,normal,
584,募集職種に応じた希望スキル・経験など,車両運転スキル,配送ドライバー経験,配送ドライバー経験,,,低,,normal,
585,募集職種に応じた希望スキル・経験など,重機・工作機械スキル,CAM,CAM,,,高,,token_exact,
586,募集職種に応じた希望スキル・経験など,重機・工作機械スキル,NC旋盤,NC旋盤,,,低,,normal,
587,募集職種に応じた希望スキル・経験など,重機・工作機械スキル,PLC,PLC,,,高,,token_exact,
588,募集職種に応じた希望スキル・経験など,重機・工作機械スキル,フォークリフト運転,フォークリフト運転,,,低,,normal,
589,募集職種に応じた希望スキル・経験など,重機・工作機械スキル,切削加工,切削加工,,,低,,normal,
590,募集職種に応じた希望スキル・経験など,重機・工作機械スキル,旋盤加工,旋盤加工,,,低,,normal,
591,募集職種に応じた希望スキル・経験など,重機・工作機械スキル,機械加工,機械加工,,,低,,normal,
592,募集職種に応じた希望スキル・経験など,重機・工作機械スキル,玉掛け,玉掛け,,,高,,normal,
593,募集職種に応じた希望スキル・経験など,小売・サービス業スキル,アパレル販売,アパレル販売,,,低,,normal,
594,募集職種に応じた希望スキル・経験など,小売・サービス業スキル,ホテル経験,ホテル経験,,,低,,normal,
595,募集職種に応じた希望スキル・経験など,小売・サービス業スキル,マーチャンダイジング,マーチャンダイジング,,,低,,normal,
596,募集職種に応じた希望スキル・経験など,小売・サービス業スキル,レジ経験,レジ経験,,,低,,normal,
597,募集職種に応じた希望スキル・経験など,小売・サービス業スキル,品出し,品出し,,,高,,normal,
598,募集職種に応じた希望スキル・経験など,小売・サービス業スキル,家電販売,家電販売,,,低,,normal,
599,募集職種に応じた希望スキル・経験など,人事スキル,スタッフトレーニング,スタッフトレーニング,,,低,,normal,
600,募集職種に応じた希望スキル・経験など,人事スキル,人事,人事,,,高,人事異動,normal,
601,募集職種に応じた希望スキル・経験など,人事スキル,労務,労務,,,高,社会保険労務士,normal,
602,募集職種に応じた希望スキル・経験など,人事スキル,採用,採用,,採用業務::人材採用,高,採用予定::採用人数::採用情報::採用サイト::採用担当者より::採用担当から::採用窓口,context,
603,募集職種に応じた希望スキル・経験など,人事スキル,社員研修・人材開発,社員研修・人材開発,,,低,,normal,
604,募集職種に応じた希望スキル・経験など,数学スキル,数学,数学,,,高,,normal,
605,募集職種に応じた希望スキル・経験など,清掃・衛生スキル,清掃,清掃,,,高,清掃作業監督者講習,normal,
606,募集職種に応じた希望スキル・経験など,電気・機械・テクノロジースキル,メンテナンス,メンテナンス,,,高,,normal,
607,募集職種に応じた希望スキル・経験など,電気・機械・テクノロジースキル,施設管理,施設管理,,,高,,normal,
608,募集職種に応じた希望スキル・経験など,美容スキル,ヘアスタイリング,ヘアスタイリング,,,低,,normal,
609,募集職種に応じた希望スキル・経験など,美容スキル,メイクアップ,メイクアップ,,,低,,normal,
610,募集職種に応じた希望スキル・経験など,美容スキル,着付け,着付け,,,高,,normal,
611,募集職種に応じた希望スキル・経験など,物流・サプライチェーンスキル,在庫管理,在庫管理,,,低,,normal,
612,募集職種に応じた希望スキル・経験など,物流・サプライチェーンスキル,生産管理,生産管理,,,低,,normal,
613,募集職種に応じた希望スキル・経験など,法律・法務スキル,登記,登記,,,高,,normal,
614,勤務条件・就業条件など,シフト・スケジュール,17時までに退社可,17時までに退社可,17時までに退社OK,,中,,normal,
615,勤務条件・就業条件など,シフト・スケジュール,1ヶ月単位の変形労働時間制,1ヶ月単位の変形労働時間制,1ヵ月単位の変形労働時間制::1か月単位の変形労働時間制,,低,,normal,
616,勤務条件・就業条件など,シフト・スケジュール,1年単位の変形労働時間制,1年単位の変形労働時間制,,,低,,normal,
617,勤務条件・就業条件など,シフト・スケジュール,1日3時間からOK,1日3時間からOK,1日3時間～OK::1日3時間以上OK::3時間からOK::1日3時間から可,,中,,normal,
618,勤務条件・就業条件など,シフト・スケジュール,1日4時間以内OK,1日4時間以内OK,1日4時間以内可::4時間以内OK,,中,,pattern,"REGEX:1日(?:の)?(?:実働)?[^\d\n]{0,8}(\d+(?:\.\d+)?)\s*(?:時間|h)(?:以内|まで); TEST:value<=4"
619,勤務条件・就業条件など,シフト・スケジュール,4週10休,4週10休,,,低,,normal,
620,勤務条件・就業条件など,シフト・スケジュール,オンコールなし,オンコールなし,オンコール無し::オンコールなし勤務,,中,,normal,
621,勤務条件・就業条件など,シフト・スケジュール,カップル同シフトOK,カップル同シフトOK,カップル同シフト可,,中,,normal,
622,勤務条件・就業条件など,シフト・スケジュール,シフト自由,シフト自由,,,中,,normal,
623,勤務条件・就業条件など,シフト・スケジュール,スキマ時間勤務,スキマ時間勤務,,,低,,normal,
624,勤務条件・就業条件など,シフト・スケジュール,ランチタイム,ランチタイム,,,低,,normal,
625,勤務条件・就業条件など,シフト・スケジュール,三交代制,三交代制,三交代::3交代制::3交代::三交替制::三交替::3交替制::3交替::三交代勤務::3交代勤務::三交替勤務::3交替勤務,,低,,normal,
626,勤務条件・就業条件など,シフト・スケジュール,中番,中番,,,高,,normal,
627,勤務条件・就業条件など,シフト・スケジュール,二交代制,二交代制,二交代::2交代制::2交代::二交替制::二交替::2交替制::2交替::二交代勤務::2交代勤務::二交替勤務::2交替勤務,,低,,normal,
628,勤務条件・就業条件など,シフト・スケジュール,休憩60分,休憩60分,,,低,,normal,
629,勤務条件・就業条件など,シフト・スケジュール,午前,午前,,,高,,normal,
630,勤務条件・就業条件など,シフト・スケジュール,午後,午後,,,高,,normal,
631,勤務条件・就業条件など,シフト・スケジュール,原則定時退社,原則定時退社,基本定時退社::原則定時で退社,定時退社,中,,normal,
632,勤務条件・就業条件など,シフト・スケジュール,固定シフト制,固定シフト制,,,低,,normal,
633,勤務条件・就業条件など,シフト・スケジュール,土日祝のみOK,土日祝のみOK,土日祝のみ勤務OK::土日祝だけOK::土日祝のみ可,,中,,normal,
634,勤務条件・就業条件など,シフト・スケジュール,土日祝休み,土日祝休み,土日祝日休み::土・日・祝休み::土日祝がお休み,土日休み,中,土日祝のみOK::土日祝勤務::土日勤務,normal,
635,勤務条件・就業条件など,シフト・スケジュール,夕方,夕方,,,高,,normal,
636,勤務条件・就業条件など,シフト・スケジュール,夜勤なし,夜勤なし,夜勤無し::夜勤ナシ::日勤のみ::日勤専従,,中,夜勤あり::夜勤手当,normal,
637,勤務条件・就業条件など,シフト・スケジュール,夜間,夜間,,,高,,normal,
638,勤務条件・就業条件など,シフト・スケジュール,完全週休二日制,完全週休二日制,完全週休2日制::完全週休二日,,低,,normal,
639,勤務条件・就業条件など,シフト・スケジュール,実働7.5時間,実働7.5時間,,,低,,normal,
640,勤務条件・就業条件など,シフト・スケジュール,平日のみOK,平日のみOK,平日のみ勤務OK::平日のみ可::平日だけOK,,中,,normal,
641,勤務条件・就業条件など,シフト・スケジュール,年間休日120日以上,年間休日120日以上,年休120日以上::年間休日120日～::年間休日120日超::年休120日～,,中,,pattern,"REGEX:(?:年間休日|年休)[^\d]{0,8}?(\d{2,3})\s*日; TEST:value>=120"
642,勤務条件・就業条件など,シフト・スケジュール,日中,日中,,,高,,normal,
643,勤務条件・就業条件など,シフト・スケジュール,早朝,早朝,,,高,,normal,
644,勤務条件・就業条件など,シフト・スケジュール,早番,早番,,,高,,normal,
645,勤務条件・就業条件など,シフト・スケジュール,時差出勤,時差出勤,,,低,,normal,
646,勤務条件・就業条件など,シフト・スケジュール,月1シフト提出,月1シフト提出,,,低,,normal,
647,勤務条件・就業条件など,シフト・スケジュール,残業なし,残業なし,残業無し::残業ゼロ::残業0::時間外労働なし::時間外勤務なし::時間外なし::時間外労働無し::時間外勤務無し::時間外労働0時間::時間外勤務0時間,基本残業なし::時間外労働ゼロ::時間外勤務ゼロ,中,残業あり::固定残業代::残業手当::サービス残業なし::サービス残業無し,normal,
648,勤務条件・就業条件など,シフト・スケジュール,残業ほぼなし,残業ほぼなし,残業ほとんどなし::残業ほぼ無し::時間外労働ほぼなし::時間外勤務ほぼなし::時間外ほぼなし,残業少なめ::残業少ない::時間外少なめ::時間外労働少なめ,中,,normal,
649,勤務条件・就業条件など,シフト・スケジュール,残業月平均20時間以上,残業月平均20時間以上,月平均残業20時間以上::残業平均20時間以上::残業月20時間以上::時間外労働月平均20時間以上::時間外勤務月平均20時間以上::月平均時間外労働20時間以上::月平均時間外勤務20時間以上::時間外月平均20時間以上,,中,,pattern,"REGEX:(?:残業|時間外(?:労働|勤務)?)[^\n]{0,30}?月(?:平均)?[^\d]{0,8}?(\d+(?:\.\d+)?)\s*(?:時間|h); TEST:value>=20"
650,勤務条件・就業条件など,シフト・スケジュール,残業月平均20時間以内,残業月平均20時間以内,月平均残業20時間以内::残業平均20時間以内::残業月20時間以内::時間外労働月平均20時間以内::時間外勤務月平均20時間以内::月平均時間外労働20時間以内::月平均時間外勤務20時間以内::時間外月平均20時間以内,,中,,pattern,"REGEX:(?:残業|時間外(?:労働|勤務)?)[^\n]{0,30}?月(?:平均)?[^\d]{0,8}?(\d+(?:\.\d+)?)\s*(?:時間|h); TEST:value<=20"
651,勤務条件・就業条件など,シフト・スケジュール,深夜,深夜,,,高,深夜勤務なし::深夜勤務無し::深夜勤務ナシ,normal,
652,勤務条件・就業条件など,シフト・スケジュール,深夜勤務なし,深夜勤務なし,深夜勤務無し::深夜勤務ナシ,,中,,normal,
653,勤務条件・就業条件など,シフト・スケジュール,準夜勤,準夜勤,,,高,,normal,
654,勤務条件・就業条件など,シフト・スケジュール,祝日勤務の可能性あり,祝日勤務の可能性あり,祝日勤務の可能性有り,,中,,normal,
655,勤務条件・就業条件など,シフト・スケジュール,週1シフト提出,週1シフト提出,,,低,,normal,
656,勤務条件・就業条件など,シフト・スケジュール,週1日からOK,週1日からOK,週1日～OK::週1日から可::週1日以上OK,,中,,normal,
657,勤務条件・就業条件など,シフト・スケジュール,週2・3日からOK,週2・3日からOK,週2～3日からOK::週2日からOK::週2・3日～OK::週2・3日から可,,中,,normal,
658,勤務条件・就業条件など,シフト・スケジュール,週3・4日からOK,週3・4日からOK,週3～4日からOK::週3・4日～OK::週3・4日から可,,中,,normal,
659,勤務条件・就業条件など,シフト・スケジュール,週4日以上OK,週4日以上OK,週4日～OK::週4日以上可::週4日以上::週4日～::週4日からOK::週4日から可::週4日以上勤務OK,,中,,normal,
660,勤務条件・就業条件など,シフト・スケジュール,週休3日,週休3日,,,低,,normal,
661,勤務条件・就業条件など,シフト・スケジュール,週末勤務の可能性あり,週末勤務の可能性あり,週末勤務の可能性有り,,中,,normal,
662,勤務条件・就業条件など,シフト・スケジュール,遅番,遅番,,,高,,normal,
663,勤務条件・就業条件など,シフト・スケジュール,隔週シフト提出,隔週シフト提出,,,低,,normal,
664,勤務条件・就業条件など,応募資格・採用条件,18歳以上,18歳以上,18才以上::18歳～::18才～::18歳から::18才から,,中,,normal,
665,勤務条件・就業条件など,応募資格・採用条件,例外事由1号,例外事由1号,,,低,,normal,
666,勤務条件・就業条件など,応募資格・採用条件,例外事由2号,例外事由2号,,,低,,normal,
667,勤務条件・就業条件など,応募資格・採用条件,例外事由3号イ,例外事由3号イ,例外事由3号のイ::例外事由3号 イ,,低,,normal,
668,勤務条件・就業条件など,応募資格・採用条件,例外事由3号ニ,例外事由3号ニ,例外事由3号のニ::例外事由3号 ニ,,低,,normal,
669,勤務条件・就業条件など,応募資格・採用条件,例外事由3号ロ,例外事由3号ロ,例外事由3号のロ::例外事由3号 ロ,,低,,normal,
670,勤務条件・就業条件など,応募資格・採用条件,就労ビザ,就労ビザ,,,低,,normal,
671,勤務条件・就業条件など,応募資格・採用条件,年齢不問,年齢不問,年齢問いません::年齢問わず,,中,,normal,
672,勤務条件・就業条件など,応募資格・採用条件,無事故・無違反,無事故・無違反,,,低,,normal,
673,勤務条件・就業条件など,応募資格・採用条件,要スマートフォン,要スマートフォン,,,低,,normal,
674,勤務条件・就業条件など,応募資格・採用条件,要免許・資格,要免許・資格,,,低,,normal,
675,勤務条件・就業条件など,応募資格・採用条件,要社会人経験,要社会人経験,,,低,,normal,
676,勤務条件・就業条件など,応募資格・採用条件,要自家用車,要自家用車,,,低,,normal,
677,勤務条件・就業条件など,応募資格・採用条件,要自転車,要自転車,,,低,,normal,
678,勤務条件・就業条件など,応募資格・採用条件,要身体検査,要身体検査,,,低,,normal,
679,勤務条件・就業条件など,応募資格・採用条件,要運転記録証明書,要運転記録証明書,,,低,,normal,
680,勤務条件・就業条件など,応募資格・採用条件,転職回数不問,転職回数不問,転職回数問いません::転職回数問わず,,中,,normal,
681,勤務条件・就業条件など,応募資格・採用条件,障がい者手帳,障がい者手帳,,,低,,normal,
683,勤務条件・就業条件など,応募詳細,LINE応募可,LINE応募可,LINE応募OK,,中,,normal,
684,勤務条件・就業条件など,応募詳細,インディード応募,インディード応募,,,低,,normal,
685,勤務条件・就業条件など,応募詳細,ウェブ応募可,ウェブ応募可,ウェブ応募OK,,中,,normal,
686,勤務条件・就業条件など,応募詳細,ポテンシャル採用,ポテンシャル採用,,,低,,normal,
687,勤務条件・就業条件など,応募詳細,メール応募可,メール応募可,メール応募OK,,中,,normal,
688,勤務条件・就業条件など,応募詳細,リモート面接OK,リモート面接OK,オンライン面接OK::WEB面接OK::オンライン面接可::リモート面接可,,中,,normal,
689,勤務条件・就業条件など,応募詳細,人柄重視採用,人柄重視採用,人柄重視,,低,,normal,
690,勤務条件・就業条件など,応募詳細,会社説明会あり,会社説明会あり,会社説明会有り,,中,,normal,
691,勤務条件・就業条件など,応募詳細,全員正社員採用,全員正社員採用,,,低,,normal,
692,勤務条件・就業条件など,応募詳細,勤務開始時期調整,勤務開始時期調整,,,低,,normal,
693,勤務条件・就業条件など,応募詳細,即日勤務OK,即日勤務OK,即日勤務可::すぐ勤務OK,,中,,normal,
694,勤務条件・就業条件など,応募詳細,友達と応募OK,友達と応募OK,友人と応募OK::友達同士応募OK::友達と応募可,,中,,normal,
695,勤務条件・就業条件など,応募詳細,増員募集,増員募集,増員のため募集::増員のための募集::増員につき募集,,低,,normal,
696,勤務条件・就業条件など,応募詳細,大量募集,大量募集,,,低,,normal,
697,勤務条件・就業条件など,応募詳細,履歴書不要,履歴書不要,履歴書なしで応募可::履歴書なしOK,,中,,normal,
699,勤務条件・就業条件など,応募詳細,欠員補充,欠員補充,欠員のため募集::欠員募集::欠員補充のため募集,,低,,normal,
700,勤務条件・就業条件など,応募詳細,紹介状,紹介状,,,高,,normal,
701,勤務条件・就業条件など,応募詳細,職場見学可,職場見学可,職場見学OK::職場見学可能,,中,,normal,
702,勤務条件・就業条件など,応募詳細,職種別・コース別採用,職種別・コース別採用,,,低,,normal,
703,勤務条件・就業条件など,応募詳細,要マイナンバーカード（通知書）,要マイナンバーカード（通知書）,,,低,,normal,
704,勤務条件・就業条件など,応募詳細,要卒業見込証明書,要卒業見込証明書,,,低,,normal,
705,勤務条件・就業条件など,応募詳細,要卒業証明書,要卒業証明書,,,低,,normal,
706,勤務条件・就業条件など,応募詳細,要印鑑,要印鑑,,,高,,normal,
707,勤務条件・就業条件など,応募詳細,要履歴書,要履歴書,,,低,,normal,
708,勤務条件・就業条件など,応募詳細,要成績証明書,要成績証明書,,,低,,normal,
709,勤務条件・就業条件など,応募詳細,郵送応募可,郵送応募可,郵送応募OK,,中,,normal,
710,勤務条件・就業条件など,応募詳細,電話で応募・問い合わせ,電話で応募・問い合わせ,電話で応募・問合せ,,低,,normal,
711,勤務条件・就業条件など,応募詳細,面接1回,面接1回,,,低,,normal,
712,勤務条件・就業条件など,応募詳細,面接なし,面接なし,面接無し::面接不要,,中,,normal,
713,勤務条件・就業条件など,応募詳細,面接時マスク着用,面接時マスク着用,,,低,,normal,
714,勤務条件・就業条件など,応募詳細,面接随時受付,面接随時受付,,,低,,normal,
715,勤務条件・就業条件など,契約形態,単発,単発,,,高,,normal,
716,勤務条件・就業条件など,契約形態,常用型派遣,常用型派遣,,,低,,normal,
717,勤務条件・就業条件など,契約形態,春夏冬休み期間限定,春夏冬休み期間限定,,,低,,normal,
718,勤務条件・就業条件など,契約形態,時短正社員,時短正社員,,,低,,normal,
719,勤務条件・就業条件など,契約形態,期間限定,期間限定,,,低,,normal,
721,勤務条件・就業条件など,契約形態,登録制,登録制,,,高,,normal,
722,勤務条件・就業条件など,契約形態,登録型派遣,登録型派遣,,,低,,normal,
723,勤務条件・就業条件など,契約形態,直接雇用,直接雇用,,,低,,normal,
724,勤務条件・就業条件など,契約形態,短期,短期,,,高,,normal,
725,勤務条件・就業条件など,契約形態,短期（1ヵ月以内）,短期（1ヵ月以内）,短期（1ヶ月以内）::短期（1か月以内）,,中,,normal,
726,勤務条件・就業条件など,契約形態,短期（3ヵ月以内）,短期（3ヵ月以内）,短期（3ヶ月以内）::短期3ヶ月以内::3ヶ月以内の短期::短期（3か月以内）::3か月以内の短期,短期（3ヶ月）::短期3ヶ月,中,,normal,
727,勤務条件・就業条件など,契約形態,紹介予定派遣,紹介予定派遣,,,低,,normal,
728,勤務条件・就業条件など,契約形態,臨時雇用,臨時雇用,,,低,,normal,
729,勤務条件・就業条件など,契約形態,試用期間なし,試用期間なし,試用期間無し,,中,,normal,
730,勤務条件・就業条件など,契約形態,長期,長期,,,高,長期休暇あり::長期休暇有り::長期休暇,normal,
731,勤務条件・就業条件など,契約形態,障がい者採用,障がい者採用,,,低,,normal,
732,勤務条件・就業条件など,就業場所,100円ショップ,100円ショップ,,,低,,context,
733,勤務条件・就業条件など,就業場所,アイラッシュサロン,アイラッシュサロン,,,低,,context,
734,勤務条件・就業条件など,就業場所,アクセサリーショップ,アクセサリーショップ,,,低,,context,
735,勤務条件・就業条件など,就業場所,アパレルショップ,アパレルショップ,,,低,,context,
736,勤務条件・就業条件など,就業場所,イタリアンレストラン,イタリアンレストラン,,,低,,context,
737,勤務条件・就業条件など,就業場所,インテリアショップ,インテリアショップ,,,低,,context,
738,勤務条件・就業条件など,就業場所,エステサロン,エステサロン,,,低,,context,
739,勤務条件・就業条件など,就業場所,オフィス,オフィス,,,高,,context,
740,勤務条件・就業条件など,就業場所,カー用品店,カー用品店,,,低,,context,
741,勤務条件・就業条件など,就業場所,カジュアルダイニングレストラン,カジュアルダイニングレストラン,,,低,,context,
742,勤務条件・就業条件など,就業場所,ガソリンスタンド,ガソリンスタンド,,,低,,context,
743,勤務条件・就業条件など,就業場所,カットカラー専門店,カットカラー専門店,,,低,,context,
744,勤務条件・就業条件など,就業場所,カット専門店,カット専門店,,,低,,context,
745,勤務条件・就業条件など,就業場所,カフェ,カフェ,,,高,,context,
746,勤務条件・就業条件など,就業場所,カラオケ店,カラオケ店,,,低,,context,
747,勤務条件・就業条件など,就業場所,キッチン,キッチン,,,高,,context,
748,勤務条件・就業条件など,就業場所,キッチンカー,キッチンカー,,,低,,context,
749,勤務条件・就業条件など,就業場所,キャバクラ,キャバクラ,,,低,,context,
750,勤務条件・就業条件など,就業場所,クリーニング店,クリーニング店,,,低,,context,
751,勤務条件・就業条件など,就業場所,クリニック,クリニック,,,高,,context,
752,勤務条件・就業条件など,就業場所,グループホーム,グループホーム,,,低,,context,
753,勤務条件・就業条件など,就業場所,クルマ販売店,クルマ販売店,車販売店::カーディーラー::自動車ディーラー,ディーラー,低,,context,
754,勤務条件・就業条件など,就業場所,ゲームセンター,ゲームセンター,,,低,,context,
755,勤務条件・就業条件など,就業場所,コールセンター,コールセンター,,,中,,context,
756,勤務条件・就業条件など,就業場所,コスメショップ,コスメショップ,,,低,,context,
757,勤務条件・就業条件など,就業場所,こども園,こども園,,,低,,context,
758,勤務条件・就業条件など,就業場所,ゴルフ場,ゴルフ場,,,低,,context,
759,勤務条件・就業条件など,就業場所,コンビニエンスストア,コンビニエンスストア,,,低,,context,
760,勤務条件・就業条件など,就業場所,サービス付き高齢者住宅,サービス付き高齢者住宅,,,低,,context,
761,勤務条件・就業条件など,就業場所,サイクルショップ,サイクルショップ,,,低,,context,
762,勤務条件・就業条件など,就業場所,ショートステイ,ショートステイ,,,低,,context,
763,勤務条件・就業条件など,就業場所,スーパーマーケット,スーパーマーケット,,,低,,context,
764,勤務条件・就業条件など,就業場所,スキー場,スキー場,,,低,,context,
765,勤務条件・就業条件など,就業場所,スナック,スナック,,,低,,context,
766,勤務条件・就業条件など,就業場所,スポーツ用品店,スポーツ用品店,,,低,,context,
767,勤務条件・就業条件など,就業場所,セレモニーホール,セレモニーホール,,,低,,context,
768,勤務条件・就業条件など,就業場所,そば屋,そば屋,,,高,,context,
769,勤務条件・就業条件など,就業場所,ダーツバー,ダーツバー,,,低,,context,
770,勤務条件・就業条件など,就業場所,デイケア,デイケア,,,低,,context,
771,勤務条件・就業条件など,就業場所,デイサービス,デイサービス,,,中,,context,
772,勤務条件・就業条件など,就業場所,ディスカウントストア,ディスカウントストア,,,低,,context,
773,勤務条件・就業条件など,就業場所,デパ地下,デパ地下,,,低,,context,
774,勤務条件・就業条件など,就業場所,ドラッグストア,ドラッグストア,,,低,,context,
775,勤務条件・就業条件など,就業場所,ネイルサロン,ネイルサロン,,,低,,context,
776,勤務条件・就業条件など,就業場所,ネットカフェ,ネットカフェ,,,低,,context,
777,勤務条件・就業条件など,就業場所,ネットショップ,ネットショップ,,,低,,context,
778,勤務条件・就業条件など,就業場所,バイキングレストラン,バイキングレストラン,,,低,,context,
779,勤務条件・就業条件など,就業場所,パチンコ店,パチンコ店,,,低,,context,
780,勤務条件・就業条件など,就業場所,パン屋,パン屋,,,高,,context,
781,勤務条件・就業条件など,就業場所,ビストロ,ビストロ,,,低,,context,
782,勤務条件・就業条件など,就業場所,フードコート,フードコート,,,低,,context,
783,勤務条件・就業条件など,就業場所,ファーストフード店,ファーストフード店,,,低,,context,
784,勤務条件・就業条件など,就業場所,ファミリーレストラン,ファミリーレストラン,,,低,,context,
785,勤務条件・就業条件など,就業場所,フィットネスクラブ,フィットネスクラブ,,,低,,context,
786,勤務条件・就業条件など,就業場所,フレンチレストラン,フレンチレストラン,,,低,,context,
787,勤務条件・就業条件など,就業場所,ヘアカラー専門店,ヘアカラー専門店,,,低,,context,
788,勤務条件・就業条件など,就業場所,ペットショップ,ペットショップ,,,低,,context,
789,勤務条件・就業条件など,就業場所,ホームセンター,ホームセンター,,,低,,context,
790,勤務条件・就業条件など,就業場所,ボウリング場,ボウリング場,,,低,,context,
791,勤務条件・就業条件など,就業場所,ホテル,ホテル,,,高,,context,
792,勤務条件・就業条件など,就業場所,マッサージ店,マッサージ店,,,低,,context,
793,勤務条件・就業条件など,就業場所,メンズアパレルショップ,メンズアパレルショップ,,,低,,context,
794,勤務条件・就業条件など,就業場所,ラーメン屋,ラーメン屋,,,低,,context,
795,勤務条件・就業条件など,就業場所,リサイクルショップ,リサイクルショップ,,,低,,context,
796,勤務条件・就業条件など,就業場所,リゾート,リゾート,,,低,,context,
797,勤務条件・就業条件など,就業場所,リラクゼーションサロン,リラクゼーションサロン,,,低,,context,
798,勤務条件・就業条件など,就業場所,レストラン,レストラン,,,高,,context,
799,勤務条件・就業条件など,就業場所,レンタルショップ,レンタルショップ,,,低,,context,
800,勤務条件・就業条件など,就業場所,一般病院,一般病院,,,低,,context,
801,勤務条件・就業条件など,就業場所,一部在宅,一部在宅,一部在宅勤務,一部リモート::ハイブリッド勤務,中,,normal,
802,勤務条件・就業条件など,就業場所,中古車販売店,中古車販売店,,,低,,context,
803,勤務条件・就業条件など,就業場所,中華料理店,中華料理店,,,低,,context,
804,勤務条件・就業条件など,就業場所,予備校,予備校,,,高,,context,
805,勤務条件・就業条件など,就業場所,事業所内保育所,事業所内保育所,,,低,,context,
806,勤務条件・就業条件など,就業場所,介護施設,介護施設,,,中,,context,
807,勤務条件・就業条件など,就業場所,介護療養型医療施設,介護療養型医療施設,,,低,,context,
808,勤務条件・就業条件など,就業場所,介護老人保健施設,介護老人保健施設,,,低,,context,
809,勤務条件・就業条件など,就業場所,企業主導型保育園,企業主導型保育園,,,低,,context,
810,勤務条件・就業条件など,就業場所,会計事務所,会計事務所,,,低,,context,
811,勤務条件・就業条件など,就業場所,保育園,保育園,,,高,,context,
812,勤務条件・就業条件など,就業場所,倉庫,倉庫,,,高,,context,
813,勤務条件・就業条件など,就業場所,児童デイサービス,児童デイサービス,,,低,,context,
814,勤務条件・就業条件など,就業場所,児童発達支援施設,児童発達支援施設,,,低,,context,
815,勤務条件・就業条件など,就業場所,児童養護施設,児童養護施設,,,低,,context,
816,勤務条件・就業条件など,就業場所,公園,公園,,,高,,context,
817,勤務条件・就業条件など,就業場所,公立保育園,公立保育園,,,低,,context,
818,勤務条件・就業条件など,就業場所,写真スタジオ,写真スタジオ,,,低,,context,
819,勤務条件・就業条件など,就業場所,動物病院,動物病院,,,低,,context,
820,勤務条件・就業条件など,就業場所,博物館,博物館,,,高,,context,
821,勤務条件・就業条件など,就業場所,卸売市場,卸売市場,,,低,,context,
822,勤務条件・就業条件など,就業場所,古着屋,古着屋,,,高,,context,
823,勤務条件・就業条件など,就業場所,図書館,図書館,,,高,,context,
824,勤務条件・就業条件など,就業場所,地域包括支援センター,地域包括支援センター,,,低,,context,
825,勤務条件・就業条件など,就業場所,売店,売店,,,高,,context,
826,勤務条件・就業条件など,就業場所,大学,大学,,,高,,context,
827,勤務条件・就業条件など,就業場所,学校,学校,,,高,,context,
828,勤務条件・就業条件など,就業場所,学習塾,学習塾,,,高,,context,
829,勤務条件・就業条件など,就業場所,フルリモート,フルリモート,完全在宅::完全在宅勤務::フルリモート勤務::完全リモート,,低,,normal,
830,勤務条件・就業条件など,就業場所,官公庁,官公庁,,,高,,context,
831,勤務条件・就業条件など,就業場所,家電量販店,家電量販店,,,低,,context,
832,勤務条件・就業条件など,就業場所,寿司屋,寿司屋,,,高,,context,
833,勤務条件・就業条件など,就業場所,小規模保育園,小規模保育園,,,低,,context,
834,勤務条件・就業条件など,就業場所,小規模多機能型居宅介護施設,小規模多機能型居宅介護施設,,,低,,context,
835,勤務条件・就業条件など,就業場所,就労継続支援A型事業所,就労継続支援A型事業所,,,低,,context,
836,勤務条件・就業条件など,就業場所,就労継続支援B型事業所,就労継続支援B型事業所,,,低,,context,
837,勤務条件・就業条件など,就業場所,居宅介護支援事業所,居宅介護支援事業所,,,低,,context,
838,勤務条件・就業条件など,就業場所,居酒屋,居酒屋,,,高,,context,
839,勤務条件・就業条件など,就業場所,屋台,屋台,,,高,,context,
840,勤務条件・就業条件など,就業場所,工事現場,工事現場,,,低,,context,
841,勤務条件・就業条件など,就業場所,工場,工場,,,高,,context,
842,勤務条件・就業条件など,就業場所,市役所,市役所,,,高,,context,
843,勤務条件・就業条件など,就業場所,幼児教室,幼児教室,,,低,,context,
844,勤務条件・就業条件など,就業場所,幼稚園,幼稚園,,,高,,context,
845,勤務条件・就業条件など,就業場所,弁当屋,弁当屋,,,高,,context,
846,勤務条件・就業条件など,就業場所,惣菜店,惣菜店,,,高,,context,
847,勤務条件・就業条件など,就業場所,携帯ショップ,携帯ショップ,,,低,,context,
848,勤務条件・就業条件など,就業場所,放課後等デイサービス,放課後等デイサービス,,,低,,context,
849,勤務条件・就業条件など,就業場所,整体院,整体院,,,高,,context,
850,勤務条件・就業条件など,就業場所,整形外科医院,整形外科医院,,,低,,context,
851,勤務条件・就業条件など,就業場所,旅館,旅館,,,高,,context,
852,勤務条件・就業条件など,就業場所,日本料理店,日本料理店,,,低,,context,
853,勤務条件・就業条件など,就業場所,日本語学校,日本語学校,,,低,,context,
854,勤務条件・就業条件など,就業場所,有料老人ホーム,有料老人ホーム,,,低,,context,
855,勤務条件・就業条件など,就業場所,本屋,本屋,,,高,,context,
856,勤務条件・就業条件など,就業場所,業務用スーパー,業務用スーパー,,,低,,context,
857,勤務条件・就業条件など,就業場所,歯科医院,歯科医院,,,低,,context,
858,勤務条件・就業条件など,就業場所,水族館,水族館,,,高,,context,
859,勤務条件・就業条件など,就業場所,法律事務所,法律事務所,,,低,,context,
860,勤務条件・就業条件など,就業場所,洋菓子店,洋菓子店,,,低,,context,
861,勤務条件・就業条件など,就業場所,海,海,,,高,,context,
862,勤務条件・就業条件など,就業場所,温泉旅館,温泉旅館,,,低,,context,
863,勤務条件・就業条件など,就業場所,牧場,牧場,,,高,,context,
864,勤務条件・就業条件など,就業場所,特別養護老人ホーム,特別養護老人ホーム,,,低,,context,
865,勤務条件・就業条件など,就業場所,理容室,理容室,,,高,,context,
866,勤務条件・就業条件など,就業場所,生徒宅,生徒宅,,,高,,context,
867,勤務条件・就業条件など,就業場所,産婦人科医院,産婦人科医院,,,低,,context,
868,勤務条件・就業条件など,就業場所,病院,病院,,,高,,context,
869,勤務条件・就業条件など,就業場所,百貨店,百貨店,,,高,,context,
870,勤務条件・就業条件など,就業場所,皮膚科クリニック,皮膚科クリニック,,,低,,context,
871,勤務条件・就業条件など,就業場所,眼科クリニック,眼科クリニック,,,低,,context,
872,勤務条件・就業条件など,就業場所,社会保険労務士事務所,社会保険労務士事務所,,,低,,context,
873,勤務条件・就業条件など,就業場所,社員食堂,社員食堂,,,低,,context,
874,勤務条件・就業条件など,就業場所,税理士事務所,税理士事務所,,,低,,context,
875,勤務条件・就業条件など,就業場所,空港,空港,,,高,,context,
876,勤務条件・就業条件など,就業場所,結婚式場,結婚式場,,,低,,context,
877,勤務条件・就業条件など,就業場所,総合スーパー,総合スーパー,,,低,,context,
878,勤務条件・就業条件など,就業場所,美容クリニック,美容クリニック,,,低,,context,
879,勤務条件・就業条件など,就業場所,美容皮膚科クリニック,美容皮膚科クリニック,,,低,,context,
880,勤務条件・就業条件など,就業場所,美容院,美容院,,,高,,context,
881,勤務条件・就業条件など,就業場所,美術館,美術館,,,高,,context,
882,勤務条件・就業条件など,就業場所,職場勤務,職場勤務,,,低,,normal,
883,勤務条件・就業条件など,就業場所,脱毛サロン,脱毛サロン,,,低,,context,
884,勤務条件・就業条件など,就業場所,自動車整備工場,自動車整備工場,,,低,,context,
885,勤務条件・就業条件など,就業場所,花屋,花屋,,,高,,context,
886,勤務条件・就業条件など,就業場所,英会話教室,英会話教室,,,低,,context,
887,勤務条件・就業条件など,就業場所,認可保育園,認可保育園,,,低,,context,
888,勤務条件・就業条件など,就業場所,認定保育園,認定保育園,,,低,,context,
889,勤務条件・就業条件など,就業場所,調剤薬局,調剤薬局,,,低,,context,
890,勤務条件・就業条件など,就業場所,買取専門店,買取専門店,,,低,,context,
891,勤務条件・就業条件など,就業場所,農場,農場,,,高,,context,
892,勤務条件・就業条件など,就業場所,透析施設,透析施設,,,低,,context,
893,勤務条件・就業条件など,就業場所,遊園地,遊園地,,,高,,context,
894,勤務条件・就業条件など,就業場所,郵便局,郵便局,,,高,,context,
895,勤務条件・就業条件など,就業場所,酒屋,酒屋,,,高,,context,
896,勤務条件・就業条件など,就業場所,銀行,銀行,,,高,,context,
897,勤務条件・就業条件など,就業場所,銭湯,銭湯,,,高,,context,
898,勤務条件・就業条件など,就業場所,院内保育所,院内保育所,,,低,,context,
899,勤務条件・就業条件など,就業場所,障がい者支援施設,障がい者支援施設,,,低,,context,
900,勤務条件・就業条件など,就業場所,雑貨屋,雑貨屋,,,高,,context,
901,勤務条件・就業条件など,就業場所,靴屋,靴屋,,,高,,context,
902,勤務条件・就業条件など,就業場所,韓国料理店,韓国料理店,,,低,,context,
903,勤務条件・就業条件など,就業場所,食品工場,食品工場,,,低,,context,
904,待遇・福利厚生など,待遇・福利厚生,ETCカード貸与,ETCカード貸与,,,低,,normal,
905,待遇・福利厚生など,待遇・福利厚生,eラーニング受講,eラーニング受講,,,低,,normal,
906,待遇・福利厚生など,待遇・福利厚生,eラーニング補助あり,eラーニング補助あり,eラーニング補助有り,,中,,normal,
907,待遇・福利厚生など,待遇・福利厚生,MBA取得制度あり,MBA取得制度あり,MBA取得制度有り,,中,,normal,
908,待遇・福利厚生など,待遇・福利厚生,OJT,OJT,,,高,,token_exact,
909,待遇・福利厚生など,待遇・福利厚生,PC貸与,PC貸与,,,低,,normal,
910,待遇・福利厚生など,待遇・福利厚生,U・Iターン支援あり,U・Iターン支援あり,U・Iターン支援有り::UIターン支援あり::UIターン支援有り::U/Iターン支援あり::U/Iターン支援有り::Uターン・Iターン支援あり::Uターン・Iターン支援有り,,中,,normal,
911,待遇・福利厚生など,待遇・福利厚生,アニバーサリー休暇あり,アニバーサリー休暇あり,アニバーサリー休暇有り::アニバーサリー休暇,,中,,normal,
912,待遇・福利厚生など,待遇・福利厚生,インフルエンザ予防接種無料,インフルエンザ予防接種無料,,,低,,normal,
913,待遇・福利厚生など,待遇・福利厚生,インフルエンザ予防接種補助あり,インフルエンザ予防接種補助あり,インフルエンザ予防接種補助有り,,中,,normal,
914,待遇・福利厚生など,待遇・福利厚生,お菓子無料,お菓子無料,,,低,,normal,
915,待遇・福利厚生など,待遇・福利厚生,ガソリンカード貸与,ガソリンカード貸与,,,低,,normal,
916,待遇・福利厚生など,待遇・福利厚生,ガソリン割引あり,ガソリン割引あり,ガソリン割引有り,,中,,normal,
917,待遇・福利厚生など,待遇・福利厚生,カフェテリアプランあり,カフェテリアプランあり,カフェテリアプラン有り,,中,,normal,
918,待遇・福利厚生など,待遇・福利厚生,がん検診,がん検診,,,低,,normal,
919,待遇・福利厚生など,待遇・福利厚生,クラブ活動あり,クラブ活動あり,クラブ活動有り,,中,,normal,
920,待遇・福利厚生など,待遇・福利厚生,ゴールデンウィーク休暇あり,ゴールデンウィーク休暇あり,ゴールデンウィーク休暇有り::ゴールデンウィーク休暇::ゴールデンウィーク休み::GW休暇::GW休み,GW,中,,normal,
921,待遇・福利厚生など,待遇・福利厚生,サテライトオフィスあり,サテライトオフィスあり,サテライトオフィス有り,,中,,normal,
922,待遇・福利厚生など,待遇・福利厚生,サバティカル休暇あり,サバティカル休暇あり,サバティカル休暇有り::サバティカル休暇,,中,,normal,
923,待遇・福利厚生など,待遇・福利厚生,ジム利用,ジム利用,,,低,,normal,
924,待遇・福利厚生など,待遇・福利厚生,スタートアップ研修あり,スタートアップ研修あり,スタートアップ研修有り,,中,,normal,
925,待遇・福利厚生など,待遇・福利厚生,ストックオプションあり,ストックオプションあり,ストックオプション有り,,中,,normal,
926,待遇・福利厚生など,待遇・福利厚生,ストレスチェック,ストレスチェック,,,低,,normal,
927,待遇・福利厚生など,待遇・福利厚生,タブレット貸与,タブレット貸与,,,低,,normal,
928,待遇・福利厚生など,待遇・福利厚生,ドナー休暇あり,ドナー休暇あり,ドナー休暇有り::ドナー休暇,,中,,normal,
929,待遇・福利厚生など,待遇・福利厚生,フリーアルコール,フリーアルコール,,,低,,normal,
930,待遇・福利厚生など,待遇・福利厚生,フリードリンク,フリードリンク,,,低,,normal,
931,待遇・福利厚生など,待遇・福利厚生,フルフレックス制度,フルフレックス制度,,,低,,normal,
932,待遇・福利厚生など,待遇・福利厚生,ベビーシッター補助あり,ベビーシッター補助あり,ベビーシッター補助有り,,中,,normal,
933,待遇・福利厚生など,待遇・福利厚生,ボランティア休暇あり,ボランティア休暇あり,ボランティア休暇有り::ボランティア休暇,,中,,normal,
934,待遇・福利厚生など,待遇・福利厚生,まかないあり,まかないあり,まかない有り,,中,,normal,
935,待遇・福利厚生など,待遇・福利厚生,メンター制度あり,メンター制度あり,メンター制度有り,,中,,normal,
936,待遇・福利厚生など,待遇・福利厚生,モバイル端末支給,モバイル端末支給,,,低,,normal,
937,待遇・福利厚生など,待遇・福利厚生,リフレッシュ休暇あり,リフレッシュ休暇あり,リフレッシュ休暇有り::リフレッシュ休暇,,中,,normal,
938,待遇・福利厚生など,待遇・福利厚生,レジャー施設割引あり,レジャー施設割引あり,レジャー施設割引有り,,中,,normal,
939,待遇・福利厚生など,待遇・福利厚生,ワーケーション可能,ワーケーション可能,,,中,,normal,
940,待遇・福利厚生など,待遇・福利厚生,ワーケーション補助あり,ワーケーション補助あり,ワーケーション補助有り,,中,,normal,
941,待遇・福利厚生など,待遇・福利厚生,不妊治療休暇あり,不妊治療休暇あり,不妊治療休暇有り::不妊治療休暇,,中,,normal,
942,待遇・福利厚生など,待遇・福利厚生,交通費全額支給,交通費全額支給,交通費全支給::交通費100%支給::交通費全額負担::通勤手当全額支給::通勤費全額支給,通勤費実費支給::交通費実費支給,低,,normal,
943,待遇・福利厚生など,待遇・福利厚生,交通費支給,交通費支給,通勤交通費支給::通勤手当::通勤費::通勤費支給::交通費規定支給::交通費規定内支給,交通費あり::通勤費補助,中,,normal,
944,待遇・福利厚生など,待遇・福利厚生,人間ドック補助あり,人間ドック補助あり,人間ドック補助有り,,中,,normal,
945,待遇・福利厚生など,待遇・福利厚生,介護休暇あり,介護休暇あり,介護休暇有り::介護休暇::介護休業,,中,,normal,
946,待遇・福利厚生など,待遇・福利厚生,企業型確定拠出年金制度あり,企業型確定拠出年金制度あり,企業型確定拠出年金制度有り,,中,,normal,
947,待遇・福利厚生など,待遇・福利厚生,住宅手当あり,住宅手当あり,住宅手当有り::住宅手当::住居手当::家賃補助::住宅補助,家賃手当,中,,normal,
948,待遇・福利厚生など,待遇・福利厚生,保養所あり,保養所あり,保養所有り,,中,,normal,
949,待遇・福利厚生など,待遇・福利厚生,個人型確定拠出年金あり,個人型確定拠出年金あり,個人型確定拠出年金有り,,中,,normal,
950,待遇・福利厚生など,待遇・福利厚生,入学・進学祝金あり,入学・進学祝金あり,入学・進学祝金有り::入学・進学祝い金あり,,中,,normal,
951,待遇・福利厚生など,待遇・福利厚生,入社時健康診断補助あり,入社時健康診断補助あり,入社時健康診断補助有り,,中,,normal,
952,待遇・福利厚生など,待遇・福利厚生,公傷病休暇あり,公傷病休暇あり,公傷病休暇有り::公傷病休暇,,中,,normal,
953,待遇・福利厚生など,待遇・福利厚生,冬季休暇あり,冬季休暇あり,冬季休暇有り::冬季休暇::冬季休み,冬休み,中,,normal,
954,待遇・福利厚生など,待遇・福利厚生,出張代支給,出張代支給,出張費支給::出張旅費支給,,低,,normal,
955,待遇・福利厚生など,待遇・福利厚生,出産祝い金あり,出産祝い金あり,出産祝い金有り::出産祝金あり,,中,,normal,
956,待遇・福利厚生など,待遇・福利厚生,制服代支給,制服代支給,,,低,,normal,
957,待遇・福利厚生など,待遇・福利厚生,制服貸与,制服貸与,,,低,,normal,
958,待遇・福利厚生など,待遇・福利厚生,創立記念日休暇あり,創立記念日休暇あり,創立記念日休暇有り::創立記念日休暇,,中,,normal,
959,待遇・福利厚生など,待遇・福利厚生,労働組合あり,労働組合あり,労働組合有り,,中,,normal,
960,待遇・福利厚生など,待遇・福利厚生,勤続表彰あり,勤続表彰あり,勤続表彰有り,,中,,normal,
961,待遇・福利厚生など,待遇・福利厚生,医療費補助あり,医療費補助あり,医療費補助有り,,中,,normal,
962,待遇・福利厚生など,待遇・福利厚生,卒煙支援あり,卒煙支援あり,卒煙支援有り,,中,,normal,
963,待遇・福利厚生など,待遇・福利厚生,団体生命保険あり,団体生命保険あり,団体生命保険有り,,中,,normal,
964,待遇・福利厚生など,待遇・福利厚生,在宅OK,在宅OK,在宅勤務OK::在宅勤務可::テレワークOK::リモートワークOK::リモート勤務OK::在宅可,,中,在宅不可::在宅勤務不可::リモート不可::原則出社,normal,
965,待遇・福利厚生など,待遇・福利厚生,在宅勤務環境整備支援あり,在宅勤務環境整備支援あり,在宅勤務環境整備支援有り,,中,,normal,
966,待遇・福利厚生など,待遇・福利厚生,在宅手当あり,在宅手当あり,在宅手当有り::在宅手当,,中,,normal,
967,待遇・福利厚生など,待遇・福利厚生,夏季休暇あり,夏季休暇あり,夏季休暇有り::夏季休暇::夏季休み,夏休み,中,,normal,
968,待遇・福利厚生など,待遇・福利厚生,大学院留学制度あり,大学院留学制度あり,大学院留学制度有り,,中,,normal,
969,待遇・福利厚生など,待遇・福利厚生,契約更新あり,契約更新あり,契約更新有り::原則契約更新::契約更新原則あり,,中,,normal,
970,待遇・福利厚生など,待遇・福利厚生,奨学金返済支援あり,奨学金返済支援あり,奨学金返済支援有り,,中,,normal,
971,待遇・福利厚生など,待遇・福利厚生,子連れ出勤可能,子連れ出勤可能,,,中,,normal,
972,待遇・福利厚生など,待遇・福利厚生,定年後再雇用あり,定年後再雇用あり,定年後再雇用有り,,中,,normal,
973,待遇・福利厚生など,待遇・福利厚生,定年後勤務延長あり,定年後勤務延長あり,定年後勤務延長有り,,中,,normal,
974,待遇・福利厚生など,待遇・福利厚生,定期健康診断あり,定期健康診断あり,定期健康診断有り,,中,,normal,
975,待遇・福利厚生など,待遇・福利厚生,家事代行利用補助あり,家事代行利用補助あり,家事代行利用補助有り,,中,,normal,
976,待遇・福利厚生など,待遇・福利厚生,家庭都合休OK,家庭都合休OK,家庭都合休可::家庭都合休みOK::家庭都合休み可::家庭の都合で休みOK,,中,,normal,
977,待遇・福利厚生など,待遇・福利厚生,家族誕生日休暇あり,家族誕生日休暇あり,家族誕生日休暇有り::家族誕生日休暇,,中,,normal,
978,待遇・福利厚生など,待遇・福利厚生,家賃無料,家賃無料,,,低,,normal,
979,待遇・福利厚生など,待遇・福利厚生,宿泊割引あり,宿泊割引あり,宿泊割引有り,,中,,normal,
980,待遇・福利厚生など,待遇・福利厚生,寮・社宅あり,寮・社宅あり,寮・社宅有り::寮あり::寮有り::社宅あり::社宅有り,,中,,normal,
981,待遇・福利厚生など,待遇・福利厚生,寸志あり,寸志あり,寸志有り,,中,,normal,
982,待遇・福利厚生など,待遇・福利厚生,帰省手当あり,帰省手当あり,帰省手当有り::帰省手当,,中,,normal,
983,待遇・福利厚生など,待遇・福利厚生,年末年始休暇あり,年末年始休暇あり,年末年始休暇有り::年末年始休暇::年末年始休み::年末年始がお休み,,中,,normal,
984,待遇・福利厚生など,待遇・福利厚生,店舗割引あり,店舗割引あり,店舗割引有り,,中,,normal,
985,待遇・福利厚生など,待遇・福利厚生,延長保育料補助あり,延長保育料補助あり,延長保育料補助有り,,中,,normal,
986,待遇・福利厚生など,待遇・福利厚生,引っ越し補助あり,引っ越し補助あり,引っ越し補助有り::引越し補助あり::引越し補助有り::引越補助あり::引越補助有り,,中,,normal,
987,待遇・福利厚生など,待遇・福利厚生,復職制度あり,復職制度あり,復職制度有り,,中,,normal,
988,待遇・福利厚生など,待遇・福利厚生,忌引休暇あり,忌引休暇あり,忌引休暇有り::忌引休暇,,中,,normal,
989,待遇・福利厚生など,待遇・福利厚生,慣らし保育延長あり,慣らし保育延長あり,慣らし保育延長有り,,中,,normal,
990,待遇・福利厚生など,待遇・福利厚生,慶弔休暇あり,慶弔休暇あり,慶弔休暇有り::慶弔休暇,,中,,normal,
991,待遇・福利厚生など,待遇・福利厚生,慶弔金あり,慶弔金あり,慶弔金有り,,中,,normal,
992,待遇・福利厚生など,待遇・福利厚生,扶養手当あり,扶養手当あり,扶養手当有り::扶養手当,,中,,normal,
993,待遇・福利厚生など,待遇・福利厚生,持ち株会制度あり,持ち株会制度あり,持ち株会制度有り,,中,,normal,
994,待遇・福利厚生など,待遇・福利厚生,携帯代支給,携帯代支給,スマホ代支給::携帯電話代支給::スマートフォン代支給,,低,,normal,
995,待遇・福利厚生など,待遇・福利厚生,携帯貸与,携帯貸与,スマホ貸与::携帯電話貸与::スマートフォン貸与,,低,,normal,
996,待遇・福利厚生など,待遇・福利厚生,敷金・礼金補助あり,敷金・礼金補助あり,敷金・礼金補助有り,,中,,normal,
997,待遇・福利厚生など,待遇・福利厚生,昇格あり,昇格あり,昇格有り,,中,,normal,
998,待遇・福利厚生など,待遇・福利厚生,昇給あり,昇給あり,昇給有り::昇給制度あり,,中,昇給なし,normal,
999,待遇・福利厚生など,待遇・福利厚生,昼食補助あり,昼食補助あり,昼食補助有り,,中,,normal,
1000,待遇・福利厚生など,待遇・福利厚生,時短勤務あり,時短勤務あり,時短勤務有り,,中,,normal,
1001,待遇・福利厚生など,待遇・福利厚生,有給休暇あり,有給休暇あり,有給休暇有り::有給休暇::有給あり::有休あり,有休,中,,normal,
1002,待遇・福利厚生など,待遇・福利厚生,母子・父子家庭手当あり,母子・父子家庭手当あり,母子・父子家庭手当有り::母子・父子家庭手当,,中,,normal,
1003,待遇・福利厚生など,待遇・福利厚生,無料マッサージ,無料マッサージ,,,低,,normal,
1004,待遇・福利厚生など,待遇・福利厚生,無料健康診断,無料健康診断,,,低,,normal,
1005,待遇・福利厚生など,待遇・福利厚生,無料研修,無料研修,,,低,,normal,
1006,待遇・福利厚生など,待遇・福利厚生,無料駐車場,無料駐車場,,,低,,normal,
1007,待遇・福利厚生など,待遇・福利厚生,無料駐輪場,無料駐輪場,,,低,,normal,
1008,待遇・福利厚生など,待遇・福利厚生,特別休暇あり,特別休暇あり,特別休暇有り::特別休暇,,中,,normal,
1009,待遇・福利厚生など,待遇・福利厚生,独立支援あり,独立支援あり,独立支援有り,,中,,normal,
1010,待遇・福利厚生など,待遇・福利厚生,独自休暇あり,独自休暇あり,独自休暇有り::独自休暇,,中,,normal,
1011,待遇・福利厚生など,待遇・福利厚生,生命保険あり,生命保険あり,生命保険有り,,中,,normal,
1012,待遇・福利厚生など,待遇・福利厚生,生理休暇あり,生理休暇あり,生理休暇有り::生理休暇,,中,,normal,
1013,待遇・福利厚生など,待遇・福利厚生,産業医健康相談,産業医健康相談,,,低,,normal,
1014,待遇・福利厚生など,待遇・福利厚生,産業医常駐,産業医常駐,,,低,,normal,
1015,待遇・福利厚生など,待遇・福利厚生,直行直帰,直行直帰,,,低,,normal,
1016,待遇・福利厚生など,待遇・福利厚生,短時間勤務延長あり,短時間勤務延長あり,短時間勤務延長有り,,中,,normal,
1017,待遇・福利厚生など,待遇・福利厚生,研修あり,研修あり,研修有り::研修充実::研修制度あり::研修制度有り::研修制度充実,,中,,normal,
1018,待遇・福利厚生など,待遇・福利厚生,確定拠出年金あり,確定拠出年金あり,確定拠出年金有り,,中,,normal,
1019,待遇・福利厚生など,待遇・福利厚生,社会保険あり,社会保険あり,社会保険有り,,中,,normal,
1020,待遇・福利厚生など,待遇・福利厚生,社会保険完備,社会保険完備,各種社会保険完備::社保完備,,低,,normal,
1021,待遇・福利厚生など,待遇・福利厚生,社内イベントあり,社内イベントあり,社内イベント有り,,中,,normal,
1022,待遇・福利厚生など,待遇・福利厚生,社内懇親会費補助あり,社内懇親会費補助あり,社内懇親会費補助有り,,中,,normal,
1023,待遇・福利厚生など,待遇・福利厚生,社内預金あり,社内預金あり,社内預金有り,,中,,normal,
1024,待遇・福利厚生など,待遇・福利厚生,社割あり,社割あり,社割有り::社員割引あり::社員割引有り::従業員割引あり::従業員割引有り,,中,,normal,
1025,待遇・福利厚生など,待遇・福利厚生,社員旅行あり,社員旅行あり,社員旅行有り,,中,,normal,
1026,待遇・福利厚生など,待遇・福利厚生,社員登用あり,社員登用あり,社員登用有り::社員登用制度あり::正社員登用あり,,中,,normal,
1027,待遇・福利厚生など,待遇・福利厚生,社員食堂あり,社員食堂あり,社員食堂有り,,中,,normal,
1028,待遇・福利厚生など,待遇・福利厚生,社用車貸与,社用車貸与,,,低,,normal,
1029,待遇・福利厚生など,待遇・福利厚生,積立休暇あり,積立休暇あり,積立休暇有り::積立休暇,,中,,normal,
1030,待遇・福利厚生など,待遇・福利厚生,紹介制度あり,紹介制度あり,紹介制度有り,,中,,normal,
1031,待遇・福利厚生など,待遇・福利厚生,結婚休暇あり,結婚休暇あり,結婚休暇有り::結婚休暇,,中,,normal,
1032,待遇・福利厚生など,待遇・福利厚生,結婚祝い金あり,結婚祝い金あり,結婚祝い金有り::結婚祝金あり,,中,,normal,
1033,待遇・福利厚生など,待遇・福利厚生,結婚記念日休暇あり,結婚記念日休暇あり,結婚記念日休暇有り::結婚記念日休暇,,中,,normal,
1034,待遇・福利厚生など,待遇・福利厚生,育休あり,育休あり,育休有り::育休::育児休暇::育児休業,,中,,normal,
1035,待遇・福利厚生など,待遇・福利厚生,育休延長あり,育休延長あり,育休延長有り,,中,,normal,
1036,待遇・福利厚生など,待遇・福利厚生,育児サポートあり,育児サポートあり,育児サポート有り,,中,,normal,
1037,待遇・福利厚生など,待遇・福利厚生,自動販売機あり,自動販売機あり,自動販売機有り,,中,,normal,
1038,待遇・福利厚生など,待遇・福利厚生,自己啓発支援あり,自己啓発支援あり,自己啓発支援有り,,中,,normal,
1039,待遇・福利厚生など,待遇・福利厚生,表彰あり,表彰あり,表彰有り,,中,,normal,
1040,待遇・福利厚生など,待遇・福利厚生,裁判員休暇あり,裁判員休暇あり,裁判員休暇有り::裁判員休暇,,中,,normal,
1041,待遇・福利厚生など,待遇・福利厚生,託児所あり,託児所あり,託児所有り,,中,,normal,
1042,待遇・福利厚生など,待遇・福利厚生,評価あり,評価あり,評価有り,,中,,normal,
1043,待遇・福利厚生など,待遇・福利厚生,誕生日休暇あり,誕生日休暇あり,誕生日休暇有り::誕生日休暇,,中,家族誕生日休暇あり::家族誕生日休暇有り::家族誕生日休暇,normal,
1044,待遇・福利厚生など,待遇・福利厚生,財形貯蓄あり,財形貯蓄あり,財形貯蓄有り,,中,,normal,
1045,待遇・福利厚生など,待遇・福利厚生,資格取得支援あり,資格取得支援あり,資格取得支援有り::資格取得支援制度あり::資格取得支援制度有り,資格取得支援,中,,normal,
1046,待遇・福利厚生など,待遇・福利厚生,退職記念品あり,退職記念品あり,退職記念品有り,,中,,normal,
1047,待遇・福利厚生など,待遇・福利厚生,退職金制度あり,退職金制度あり,退職金あり::退職金制度有り,,中,,normal,
1048,待遇・福利厚生など,待遇・福利厚生,送迎あり,送迎あり,送迎有り,,中,,normal,
1049,待遇・福利厚生など,待遇・福利厚生,通信教育補助あり,通信教育補助あり,通信教育補助有り,,中,,normal,
1050,待遇・福利厚生など,待遇・福利厚生,連続休暇取得可能,連続休暇取得可能,,,中,,normal,
1051,待遇・福利厚生など,待遇・福利厚生,酸素カプセルあり,酸素カプセルあり,酸素カプセル有り,,中,,normal,
1052,待遇・福利厚生など,待遇・福利厚生,長期休暇あり,長期休暇あり,長期休暇有り::長期休暇,,中,,normal,
1053,待遇・福利厚生など,待遇・福利厚生,食事補助あり,食事補助あり,食事補助有り,,中,,normal,
1054,待遇・福利厚生など,待遇・福利厚生,食費補助あり,食費補助あり,食費補助有り::食事代補助,,中,,normal,
1055,待遇・福利厚生など,待遇・福利厚生,飲食割引あり,飲食割引あり,飲食割引有り,,中,,normal,
1056,待遇・福利厚生など,待遇・福利厚生,駐車場あり,駐車場あり,駐車場有り,,中,,normal,
1057,待遇・福利厚生など,待遇・福利厚生,駐輪場あり,駐輪場あり,駐輪場有り,,中,,normal,
1058,待遇・福利厚生など,待遇・福利厚生,高速代支給,高速代支給,高速道路代支給::高速料金支給::高速道路料金支給,,低,,normal,
1059,待遇・福利厚生など,賃金,BYOD手当あり,BYOD手当あり,BYOD手当有り::BYOD手当,,中,,normal,
1060,待遇・福利厚生など,賃金,インセンティブあり,インセンティブあり,インセンティブ有り,,中,,normal,
1061,待遇・福利厚生など,賃金,オンコール手当あり,オンコール手当あり,オンコール手当有り::オンコール手当,,中,,normal,
1062,待遇・福利厚生など,賃金,休日手当あり,休日手当あり,休日手当有り::休日手当,,中,,normal,
1063,待遇・福利厚生など,賃金,入社祝い金あり,入社祝い金あり,入社祝い金有り::入社祝金あり::入社祝金有り::入社祝い金::入社祝金,,中,,normal,
1064,待遇・福利厚生など,賃金,准看護師手当あり,准看護師手当あり,准看護師手当有り::准看護師手当,,中,,normal,
1065,待遇・福利厚生など,賃金,処遇改善手当あり,処遇改善手当あり,処遇改善手当有り::処遇改善手当,,中,,normal,
1066,待遇・福利厚生など,賃金,副収入,副収入,,,高,,normal,
1067,待遇・福利厚生など,賃金,単身赴任手当あり,単身赴任手当あり,単身赴任手当有り::単身赴任手当,,中,,normal,
1068,待遇・福利厚生など,賃金,即日払いOK,即日払いOK,即日払い可,,中,,normal,
1069,待遇・福利厚生など,賃金,固定残業代,固定残業代,固定残業::みなし残業代::みなし残業,,低,,normal,
1070,待遇・福利厚生など,賃金,固定給25万円以上,固定給25万円以上,,,中,,pattern,"REGEX:固定給(?:制)?(?:\s|[:：]|は|が|月額|[()（）]){0,10}(\d{1,3}(?:,\d{3})*|\d+(?:\.\d+)?)\s*(万円|万|円); PARSE:jpy; TEST:value>=250000"
1071,待遇・福利厚生など,賃金,固定給35万円以上,固定給35万円以上,,,中,,pattern,"REGEX:固定給(?:制)?(?:\s|[:：]|は|が|月額|[()（）]){0,10}(\d{1,3}(?:,\d{3})*|\d+(?:\.\d+)?)\s*(万円|万|円); PARSE:jpy; TEST:value>=350000"
1072,待遇・福利厚生など,賃金,地域手当あり,地域手当あり,地域手当有り::地域手当,,中,,normal,
1073,待遇・福利厚生など,賃金,夜勤手当あり,夜勤手当あり,夜勤手当有り::夜勤手当,,中,,normal,
1074,待遇・福利厚生など,賃金,大入り手当あり,大入り手当あり,大入り手当有り::大入り手当,,中,,normal,
1076,待遇・福利厚生など,賃金,年末年始手当あり,年末年始手当あり,年末年始手当有り::年末年始手当,,中,,normal,
1077,待遇・福利厚生など,賃金,当直手当あり,当直手当あり,当直手当有り::当直手当,,中,,normal,
1078,待遇・福利厚生など,賃金,役職手当あり,役職手当あり,役職手当有り::役職手当,,中,,normal,
1079,待遇・福利厚生など,賃金,扶養内勤務OK,扶養内勤務OK,扶養内勤務可,,中,,normal,
1080,待遇・福利厚生など,賃金,技術手当あり,技術手当あり,技術手当有り::技術手当,,中,,normal,
1081,待遇・福利厚生など,賃金,振込,振込,振り込み::振込み,,高,,normal,
1082,待遇・福利厚生など,賃金,日払いOK,日払いOK,日払い可,,中,,normal,
1083,待遇・福利厚生など,賃金,日給,日給,,,高,,normal,
1084,待遇・福利厚生など,賃金,早朝手当あり,早朝手当あり,早朝手当有り::早朝手当,,中,,normal,
1085,待遇・福利厚生など,賃金,時給,時給,,,高,,normal,
1086,待遇・福利厚生など,賃金,月払いOK,月払いOK,月払い可,,中,,normal,
1087,待遇・福利厚生など,賃金,業績手当あり,業績手当あり,業績手当有り::業績手当,,中,,normal,
1088,待遇・福利厚生など,賃金,正看護師手当あり,正看護師手当あり,正看護師手当有り::正看護師手当,,中,,normal,
1089,待遇・福利厚生など,賃金,歩合給あり,歩合給あり,歩合給有り,,中,,normal,
1090,待遇・福利厚生など,賃金,残業手当あり,残業手当あり,残業手当有り::残業手当::時間外手当::時間外勤務手当::時間外労働手当::超過勤務手当,,中,,normal,
1091,待遇・福利厚生など,賃金,深夜手当あり,深夜手当あり,深夜手当有り::深夜手当,,中,,normal,
1092,待遇・福利厚生など,賃金,満了金あり,満了金あり,満了金有り,,中,,normal,
1093,待遇・福利厚生など,賃金,無事故・無違反手当あり,無事故・無違反手当あり,無事故・無違反手当有り::無事故・無違反手当,,中,,normal,
1094,待遇・福利厚生など,賃金,無事故手当あり,無事故手当あり,無事故手当有り::無事故手当,,中,,normal,
1095,待遇・福利厚生など,賃金,特殊勤務手当あり,特殊勤務手当あり,特殊勤務手当有り::特殊勤務手当,,中,,normal,
1096,待遇・福利厚生など,賃金,現金払いOK,現金払いOK,現金払い可,,中,,normal,
1097,待遇・福利厚生など,賃金,皆勤手当あり,皆勤手当あり,皆勤手当有り::皆勤手当,,中,,normal,
1098,待遇・福利厚生など,賃金,精勤手当あり,精勤手当あり,精勤手当有り::精勤手当,,中,,normal,
1099,待遇・福利厚生など,賃金,給与改定あり,給与改定あり,給与改定有り,,中,,normal,
1100,待遇・福利厚生など,賃金,給与改定年1回,給与改定年1回,,,低,,normal,
1101,待遇・福利厚生など,賃金,給与改定年2回,給与改定年2回,,,低,,normal,
1102,待遇・福利厚生など,賃金,給料前払いOK,給料前払いOK,給料前払い可,,中,,normal,
1103,待遇・福利厚生など,賃金,資格取得手当あり,資格取得手当あり,資格取得手当有り::資格取得手当,,中,,normal,
1104,待遇・福利厚生など,賃金,資格手当あり,資格手当あり,資格手当有り::資格手当,,中,,normal,
1105,待遇・福利厚生など,賃金,賞与あり,賞与あり,賞与有り::ボーナスあり,,中,賞与なし,normal,
1106,待遇・福利厚生など,賃金,賞与年1回あり,賞与年1回あり,賞与年1回::年1回賞与::ボーナス年1回::賞与年1回有り,,中,,normal,
1107,待遇・福利厚生など,賃金,賞与年2回あり,賞与年2回あり,賞与年2回::年2回賞与::ボーナス年2回::賞与年2回有り,,中,,normal,
1108,待遇・福利厚生など,賃金,赴任手当あり,赴任手当あり,赴任手当有り::赴任手当,,中,,normal,
1109,待遇・福利厚生など,賃金,車両持ち込み手当あり,車両持ち込み手当あり,車両持ち込み手当有り::車両持ち込み手当::車両持込み手当あり::車両持込手当あり,,中,,normal,
1110,待遇・福利厚生など,賃金,車両管理手当あり,車両管理手当あり,車両管理手当有り::車両管理手当,,中,,normal,
1111,待遇・福利厚生など,賃金,通信手当あり,通信手当あり,通信手当有り::通信手当,,中,,normal,
1112,待遇・福利厚生など,賃金,週払いOK,週払いOK,週払い可,,中,,normal,
1113,待遇・福利厚生など,賃金,達成手当あり,達成手当あり,達成手当有り::達成手当,,中,,normal,
1114,待遇・福利厚生など,賃金,選任手当あり,選任手当あり,選任手当有り::選任手当,,中,,normal,
1115,資格・学歴など,免許,1級土木施工管理技士免許,1級土木施工管理技士免許,1級土木施工管理技士,,低,,normal,
1116,資格・学歴など,免許,1級塗装技能士免許,1級塗装技能士免許,1級塗装技能士,,低,,normal,
1117,資格・学歴など,免許,1級建築施工管理技士免許,1級建築施工管理技士免許,1級建築施工管理技士,,低,,normal,
1118,資格・学歴など,免許,1級建設機械施工技士免許,1級建設機械施工技士免許,1級建設機械施工技士,,低,,normal,
1119,資格・学歴など,免許,1級管工事施工管理技士免許,1級管工事施工管理技士免許,1級管工事施工管理技士,,低,,normal,
1120,資格・学歴など,免許,1級造園施工管理技士免許,1級造園施工管理技士免許,1級造園施工管理技士,,低,,normal,
1121,資格・学歴など,免許,1級電気工事施工管理技士免許,1級電気工事施工管理技士免許,1級電気工事施工管理技士,,低,,normal,
1122,資格・学歴など,免許,2級土木施工管理技士免許,2級土木施工管理技士免許,2級土木施工管理技士,,低,,normal,
1123,資格・学歴など,免許,2級建築施工管理技士免許,2級建築施工管理技士免許,2級建築施工管理技士,,低,,normal,
1124,資格・学歴など,免許,2級建設機械施工技士免許,2級建設機械施工技士免許,2級建設機械施工技士,,低,,normal,
1125,資格・学歴など,免許,2級機械保全技能士免許,2級機械保全技能士免許,2級機械保全技能士,,低,,normal,
1126,資格・学歴など,免許,2級管工事施工管理技士免許,2級管工事施工管理技士免許,2級管工事施工管理技士,,低,,normal,
1127,資格・学歴など,免許,2級造園施工管理技士免許,2級造園施工管理技士免許,2級造園施工管理技士,,低,,normal,
1128,資格・学歴など,免許,2級電気工事施工管理技士免許,2級電気工事施工管理技士免許,2級電気工事施工管理技士,,低,,normal,
1129,資格・学歴など,免許,アーク溶接特別教育修了,アーク溶接特別教育修了,アーク溶接特別教育,,低,,normal,
1130,資格・学歴など,免許,あん摩マッサージ指圧師免許,あん摩マッサージ指圧師免許,あん摩マッサージ指圧師,,低,,normal,
1131,資格・学歴など,免許,エックス線作業主任者免許,エックス線作業主任者免許,エックス線作業主任者,,低,,normal,
1132,資格・学歴など,免許,エネルギー管理士免許,エネルギー管理士免許,エネルギー管理士,,低,,normal,
1133,資格・学歴など,免許,ガス消費機器設置工事監督者免許,ガス消費機器設置工事監督者免許,ガス消費機器設置工事監督者,,低,,normal,
1134,資格・学歴など,免許,ガス溶接作業者技能講習修了,ガス溶接作業者技能講習修了,ガス溶接作業者技能講習,,低,,normal,
1135,資格・学歴など,免許,キャリアコンサルタント免許,キャリアコンサルタント免許,キャリアコンサルタント,,低,,normal,
1136,資格・学歴など,免許,きゅう師免許,きゅう師免許,きゅう師,,低,,normal,
1137,資格・学歴など,免許,クリーニング師免許,クリーニング師免許,クリーニング師,,低,,normal,
1138,資格・学歴など,免許,サービス管理責任者資格,サービス管理責任者資格,サービス管理責任者,,低,,normal,
1139,資格・学歴など,免許,ショベルローダー等運転技能講習修了,ショベルローダー等運転技能講習修了,ショベルローダー等運転技能講習,,低,,normal,
1140,資格・学歴など,免許,はり師免許,はり師免許,はり師,,低,,normal,
1141,資格・学歴など,免許,ビルクリーニング技能士免許,ビルクリーニング技能士免許,ビルクリーニング技能士,,低,,normal,
1142,資格・学歴など,免許,ファイナンシャル・プランニング技能士免許,ファイナンシャル・プランニング技能士免許,ファイナンシャル・プランニング技能士,,低,,normal,
1143,資格・学歴など,免許,フォークリフト免許,フォークリフト免許,フォークリフト資格::フォークリフト運転資格::フォークリフト運転技能講習::フォークリフト,フォーク免許,中,,normal,
1144,資格・学歴など,免許,ふぐ調理師免許,ふぐ調理師免許,ふぐ調理師,,低,,normal,
1145,資格・学歴など,免許,ボイラー技士免許,ボイラー技士免許,ボイラー技士,,低,,normal,
1146,資格・学歴など,免許,ボイラー整備士免許,ボイラー整備士免許,ボイラー整備士,,低,,normal,
1147,資格・学歴など,免許,マンション管理士免許,マンション管理士免許,マンション管理士,,低,,normal,
1148,資格・学歴など,免許,一種外務員免許,一種外務員免許,一種外務員,,低,,normal,
1149,資格・学歴など,免許,一級建築士免許,一級建築士免許,一級建築士::1級建築士免許,,低,,normal,
1150,資格・学歴など,免許,一級自動車整備士免許,一級自動車整備士免許,一級自動車整備士::1級自動車整備士免許,,低,,normal,
1151,資格・学歴など,免許,一般計量士資格,一般計量士資格,一般計量士,,低,,normal,
1152,資格・学歴など,免許,三級ガソリン自動車整備士免許,三級ガソリン自動車整備士免許,三級ガソリン自動車整備士::3級ガソリン自動車整備士免許,,低,,normal,
1153,資格・学歴など,免許,三級ジーゼル自動車整備士免許,三級ジーゼル自動車整備士免許,三級ジーゼル自動車整備士::3級ジーゼル自動車整備士免許,,低,,normal,
1154,資格・学歴など,免許,三級自動車整備士免許,三級自動車整備士免許,三級自動車整備士::3級自動車整備士免許,,低,,normal,
1155,資格・学歴など,免許,不動産鑑定士免許,不動産鑑定士免許,不動産鑑定士,,低,,normal,
1156,資格・学歴など,免許,中型自動車免許,中型自動車免許,中型免許::中型自動車運転免許::中型自動車,,低,,normal,
1157,資格・学歴など,免許,中型自動車第二種免許,中型自動車第二種免許,中型二種免許::中型自動車二種免許::中型自動車第二種::中型自動車第2種免許,,低,,normal,
1158,資格・学歴など,免許,中学校教諭免許,中学校教諭免許,中学校教諭,,低,,normal,
1159,資格・学歴など,免許,二級ガソリン自動車整備士免許,二級ガソリン自動車整備士免許,二級ガソリン自動車整備士::2級ガソリン自動車整備士免許,,低,,normal,
1160,資格・学歴など,免許,二級ジーゼル自動車整備士免許,二級ジーゼル自動車整備士免許,二級ジーゼル自動車整備士::2級ジーゼル自動車整備士免許,,低,,normal,
1161,資格・学歴など,免許,二級建築士免許,二級建築士免許,二級建築士::2級建築士免許,,低,,normal,
1162,資格・学歴など,免許,二級自動車整備士免許,二級自動車整備士免許,二級自動車整備士::2級自動車整備士免許,,低,,normal,
1163,資格・学歴など,免許,介護支援専門員資格,介護支援専門員資格,介護支援専門員::ケアマネジャー::ケアマネージャー,,低,,normal,
1164,資格・学歴など,免許,介護福祉士資格,介護福祉士資格,介護福祉士,,低,,normal,
1165,資格・学歴など,免許,低圧電気取扱者特別教育修了,低圧電気取扱者特別教育修了,低圧電気取扱者特別教育::低圧電気取り扱い者特別教育修了::低圧電気取扱い者特別教育修了,,低,,normal,
1166,資格・学歴など,免許,作業環境測定士免許,作業環境測定士免許,作業環境測定士,,低,,normal,
1167,資格・学歴など,免許,作業療法士免許,作業療法士免許,作業療法士,OT,低,,normal,
1168,資格・学歴など,免許,保健師免許,保健師免許,保健師,,低,,normal,
1169,資格・学歴など,免許,保育士免許,保育士免許,保育士資格::保育士,,低,,normal,
1170,資格・学歴など,免許,児童指導員任用資格,児童指導員任用資格,児童指導員資格::児童指導員任用,,低,,normal,
1171,資格・学歴など,免許,児童発達支援管理責任者資格,児童発達支援管理責任者資格,児童発達支援管理責任者::児発管,,低,,normal,
1172,資格・学歴など,免許,全国通訳案内士免許,全国通訳案内士免許,全国通訳案内士,,低,,normal,
1173,資格・学歴など,免許,公認会計士免許,公認会計士免許,公認会計士,,低,,normal,
1174,資格・学歴など,免許,公認心理師免許,公認心理師免許,公認心理師,,低,,normal,
1175,資格・学歴など,免許,冷凍機械責任者免許,冷凍機械責任者免許,冷凍機械責任者,,中,,normal,
1176,資格・学歴など,免許,准看護師免許,准看護師免許,准看護師資格::准看::准看護師,,低,,normal,
1177,資格・学歴など,免許,列車見張員免許,列車見張員免許,列車見張員,,低,,normal,
1178,資格・学歴など,免許,助産師免許,助産師免許,助産師,,低,,normal,
1179,資格・学歴など,免許,化学責任者丙種（液化石油ガス）免許,化学責任者丙種（液化石油ガス）免許,化学責任者丙種（液化石油ガス）,,低,,normal,
1180,資格・学歴など,免許,化学責任者丙種免許,化学責任者丙種免許,化学責任者丙種,,低,,normal,
1181,資格・学歴など,免許,化学責任者乙種免許,化学責任者乙種免許,化学責任者乙種,,低,,normal,
1182,資格・学歴など,免許,化学責任者甲種免許,化学責任者甲種免許,化学責任者甲種,,低,,normal,
1183,資格・学歴など,免許,医師免許,医師免許,,,中,,normal,
1184,資格・学歴など,免許,危険物取扱者乙種第4類免許,危険物取扱者乙種第4類免許,危険物取扱者乙種第4類::危険物取り扱い者乙種第4類免許::危険物取扱い者乙種第4類免許,,低,,normal,
1185,資格・学歴など,免許,危険物取扱者甲種免許,危険物取扱者甲種免許,危険物取扱者甲種::危険物取り扱い者甲種免許::危険物取扱い者甲種免許,,低,,normal,
1186,資格・学歴など,免許,原動機付自転車免許,原動機付自転車免許,原動機付自転車,,低,,normal,
1187,資格・学歴など,免許,司書教諭免許,司書教諭免許,司書教諭,,低,,normal,
1188,資格・学歴など,免許,司法書士免許,司法書士免許,司法書士,,低,,normal,
1189,資格・学歴など,免許,国内旅行業務取扱管理者免許,国内旅行業務取扱管理者免許,国内旅行業務取扱管理者::国内旅行業務取り扱い管理者免許::国内旅行業務取扱い管理者免許,,低,,normal,
1190,資格・学歴など,免許,土地家屋調査士免許,土地家屋調査士免許,土地家屋調査士,,低,,normal,
1191,資格・学歴など,免許,地山の掘削及び土止め支保工作業主任者技能講習修了,地山の掘削及び土止め支保工作業主任者技能講習修了,地山の掘削及び土止め支保工作業主任者技能講習,,低,,normal,
1192,資格・学歴など,免許,大型特殊自動車免許,大型特殊自動車免許,大型特殊免許::大特免許::大型特殊自動車,,低,,normal,
1193,資格・学歴など,免許,大型自動二輪車免許,大型自動二輪車免許,大型自動二輪車,,低,,normal,
1194,資格・学歴など,免許,大型自動車第一種免許,大型自動車第一種免許,大型免許::大型一種免許::大型自動車免許::大型自動車第一種::大型自動車第1種免許,,低,,normal,
1195,資格・学歴など,免許,大型自動車第二種免許,大型自動車第二種免許,大型二種免許::大型自動車二種免許::大型自動車第二種::大型自動車第2種免許,,低,,normal,
1196,資格・学歴など,免許,大気関係公害防止管理者免許,大気関係公害防止管理者免許,大気関係公害防止管理者,,低,,normal,
1197,資格・学歴など,免許,宅地建物取引士免許,宅地建物取引士免許,宅地建物取引士,,低,,normal,
1198,資格・学歴など,免許,小型特殊自動車免許,小型特殊自動車免許,小型特殊自動車,,低,,normal,
1199,資格・学歴など,免許,小型移動式クレーン運転技能講習修了,小型移動式クレーン運転技能講習修了,小型移動式クレーン運転技能講習,,低,,normal,
1200,資格・学歴など,免許,小型船舶操縦免許,小型船舶操縦免許,小型船舶操縦,,低,,normal,
1201,資格・学歴など,免許,小型車両系建設機械（基礎工事用）特別教育修了,小型車両系建設機械（基礎工事用）特別教育修了,小型車両系建設機械（基礎工事用）特別教育,,低,,normal,
1202,資格・学歴など,免許,小学校教諭免許,小学校教諭免許,小学校教諭,,低,,normal,
1203,資格・学歴など,免許,工事担任者免許（アナログ通信）,工事担任者免許（アナログ通信）,,,低,,normal,
1204,資格・学歴など,免許,工事担任者免許（デジタル通信）,工事担任者免許（デジタル通信）,,,低,,normal,
1205,資格・学歴など,免許,工事担任者免許（総合通信）,工事担任者免許（総合通信）,,,低,,normal,
1206,資格・学歴など,免許,幼稚園教諭免許,幼稚園教諭免許,幼稚園教諭,,低,,normal,
1207,資格・学歴など,免許,床上操作式クレーン運転技能講習修了,床上操作式クレーン運転技能講習修了,床上操作式クレーン運転技能講習,,低,,normal,
1208,資格・学歴など,免許,建築物環境衛生管理技術者免許,建築物環境衛生管理技術者免許,建築物環境衛生管理技術者,,低,,normal,
1209,資格・学歴など,免許,建築物等の鉄骨の組立て等作業主任者技能講習修了,建築物等の鉄骨の組立て等作業主任者技能講習修了,建築物等の鉄骨の組立て等作業主任者技能講習::建築物等の鉄骨の組み立て等作業主任者技能講習修了::建築物等の鉄骨の組立等作業主任者技能講習修了,,低,,normal,
1210,資格・学歴など,免許,建築設備士免許,建築設備士免許,建築設備士,,低,,normal,
1211,資格・学歴など,免許,弁理士資格,弁理士資格,弁理士,,低,,normal,
1212,資格・学歴など,免許,弁護士資格,弁護士資格,弁護士,,低,,normal,
1213,資格・学歴など,免許,情報処理安全確保支援士資格,情報処理安全確保支援士資格,情報処理安全確保支援士,,低,,normal,
1214,資格・学歴など,免許,技術士免許,技術士免許,技術士,,低,,normal,
1215,資格・学歴など,免許,技術士補免許,技術士補免許,技術士補,,低,,normal,
1216,資格・学歴など,免許,損害保険募集人資格,損害保険募集人資格,損害保険募集人,,低,,normal,
1217,資格・学歴など,免許,放課後児童支援員免許,放課後児童支援員免許,放課後児童支援員,,低,,normal,
1218,資格・学歴など,免許,救急救命士免許,救急救命士免許,救急救命士,,低,,normal,
1219,資格・学歴など,免許,旅程管理主任者免許,旅程管理主任者免許,旅程管理主任者,,低,,normal,
1220,資格・学歴など,免許,普通自動二輪車免許,普通自動二輪車免許,普通自動二輪車,,低,,normal,
1221,資格・学歴など,免許,普通自動車免許（オートマチック限定）,普通自動車免許（オートマチック限定）,普通自動車免許（AT限定）::普通免許AT限定::普通自動車AT限定免許::AT限定普通免許,,低,,normal,
1222,資格・学歴など,免許,普通自動車第一種免許,普通自動車第一種免許,普通自動車免許::普通免許::普通一種免許::普通自動車第一種::普通自動車第1種免許,,低,,normal,
1223,資格・学歴など,免許,普通自動車第二種免許,普通自動車第二種免許,普通二種免許::普通自動車二種免許::普通自動車第二種::普通自動車第2種免許,,低,,normal,
1224,資格・学歴など,免許,有機溶剤作業主任者技能講習修了,有機溶剤作業主任者技能講習修了,有機溶剤作業主任者技能講習,,低,,normal,
1225,資格・学歴など,免許,木造建築士免許,木造建築士免許,木造建築士,,低,,normal,
1226,資格・学歴など,免許,柔道整復師免許,柔道整復師免許,柔道整復師,,低,,normal,
1227,資格・学歴など,免許,栄養士免許,栄養士免許,栄養士,,低,,normal,
1228,資格・学歴など,免許,歯科医師免許,歯科医師免許,歯科医師,,低,,normal,
1229,資格・学歴など,免許,歯科技工士免許,歯科技工士免許,歯科技工士,,低,,normal,
1230,資格・学歴など,免許,歯科衛生士免許,歯科衛生士免許,歯科衛生士,,低,,normal,
1231,資格・学歴など,免許,毒物劇物取扱責任者免許,毒物劇物取扱責任者免許,毒物劇物取扱責任者::毒物劇物取り扱い責任者免許::毒物劇物取扱い責任者免許,,低,,normal,
1232,資格・学歴など,免許,水質関係公害防止管理者免許,水質関係公害防止管理者免許,水質関係公害防止管理者,,低,,normal,
1233,資格・学歴など,免許,浄化槽管理士免許,浄化槽管理士免許,浄化槽管理士,,低,,normal,
1234,資格・学歴など,免許,浄化槽設備士免許,浄化槽設備士免許,浄化槽設備士,,低,,normal,
1235,資格・学歴など,免許,海技士免許,海技士免許,海技士,,低,,normal,
1236,資格・学歴など,免許,消防設備士免許,消防設備士免許,消防設備士,,低,,normal,
1237,資格・学歴など,免許,消防設備点検資格,消防設備点検資格,消防設備点検,,低,,normal,
1238,資格・学歴など,免許,液化石油ガス設備士免許,液化石油ガス設備士免許,液化石油ガス設備士,,低,,normal,
1239,資格・学歴など,免許,清掃作業監督者講習修了,清掃作業監督者講習修了,清掃作業監督者講習,,低,,normal,
1240,資格・学歴など,免許,測量士免許,測量士免許,測量士,,低,,normal,
1241,資格・学歴など,免許,測量士補免許,測量士補免許,測量士補,,低,,normal,
1242,資格・学歴など,免許,準中型自動車免許,準中型自動車免許,準中型免許::準中型自動車運転免許::準中型自動車,,低,,normal,
1243,資格・学歴など,免許,潜水士免許,潜水士免許,潜水士,,低,,normal,
1244,資格・学歴など,免許,特別支援学校教諭免許,特別支援学校教諭免許,特別支援学校教諭,,低,,normal,
1245,資格・学歴など,免許,特定化学物質等作業主任者技能講習修了,特定化学物質等作業主任者技能講習修了,特定化学物質等作業主任者技能講習,,低,,normal,
1246,資格・学歴など,免許,特殊整備士免許,特殊整備士免許,特殊整備士,,低,,normal,
1247,資格・学歴など,免許,牽引免許,牽引免許,けん引免許::牽引資格,,低,,normal,
1248,資格・学歴など,免許,獣医師免許,獣医師免許,獣医師,,低,,normal,
1249,資格・学歴など,免許,玉掛けの業務に係る特別教育修了,玉掛けの業務に係る特別教育修了,玉掛けの業務に係る特別教育,,低,,normal,
1250,資格・学歴など,免許,玉掛け技能講習修了,玉掛け技能講習修了,玉掛け技能講習,,低,,normal,
1251,資格・学歴など,免許,理学療法士免許,理学療法士免許,理学療法士,PT,低,,normal,
1252,資格・学歴など,免許,理容師免許,理容師免許,理容師,,低,,normal,
1253,資格・学歴など,免許,環境計量士資格,環境計量士資格,環境計量士,,低,,normal,
1254,資格・学歴など,免許,生命保険募集人資格,生命保険募集人資格,生命保険募集人,,低,,normal,
1255,資格・学歴など,免許,甲種防火管理者免許,甲種防火管理者免許,甲種防火管理者,,低,,normal,
1256,資格・学歴など,免許,登録販売者免許,登録販売者免許,登録販売者,,低,,normal,
1257,資格・学歴など,免許,監理技術者免許,監理技術者免許,監理技術者,,低,,normal,
1258,資格・学歴など,免許,看護師免許,看護師免許,看護師資格::正看護師::看護師,,低,,normal,
1259,資格・学歴など,免許,研削といしの取替え等の業務に係る特別教育修了,研削といしの取替え等の業務に係る特別教育修了,研削といしの取替え等の業務に係る特別教育,,低,,normal,
1260,資格・学歴など,免許,社会保険労務士免許,社会保険労務士免許,社会保険労務士,,低,,normal,
1261,資格・学歴など,免許,社会福祉主事任用資格,社会福祉主事任用資格,社会福祉主事任用,,低,,normal,
1262,資格・学歴など,免許,社会福祉士資格,社会福祉士資格,社会福祉士,,低,,normal,
1263,資格・学歴など,免許,福祉用具専門相談員免許,福祉用具専門相談員免許,福祉用具専門相談員,,低,,normal,
1264,資格・学歴など,免許,税理士免許,税理士免許,税理士,,低,,normal,
1265,資格・学歴など,免許,第1種放射線取扱主任者免許,第1種放射線取扱主任者免許,第1種放射線取扱主任者::第1種放射線取り扱い主任者免許::第1種放射線取扱い主任者免許,,低,,normal,
1266,資格・学歴など,免許,第一種冷凍機械責任者免許,第一種冷凍機械責任者免許,第一種冷凍機械責任者::第1種冷凍機械責任者免許,,低,,normal,
1267,資格・学歴など,免許,第一種電気主任技術者免許,第一種電気主任技術者免許,第一種電気主任技術者::第1種電気主任技術者免許,,低,,normal,
1268,資格・学歴など,免許,第一種電気工事士免許,第一種電気工事士免許,第一種電気工事士::第1種電気工事士免許,,低,,normal,
1269,資格・学歴など,免許,第一級陸上特殊無線技士免許,第一級陸上特殊無線技士免許,第一級陸上特殊無線技士::第1級陸上特殊無線技士免許,,低,,normal,
1270,資格・学歴など,免許,第三種冷凍機械責任者免許,第三種冷凍機械責任者免許,第三種冷凍機械責任者::第3種冷凍機械責任者免許,,低,,normal,
1271,資格・学歴など,免許,第三種電気主任技術者免許,第三種電気主任技術者免許,第三種電気主任技術者::第3種電気主任技術者免許,,低,,normal,
1272,資格・学歴など,免許,第二種電気主任技術者免許,第二種電気主任技術者免許,第二種電気主任技術者::第2種電気主任技術者免許,,低,,normal,
1273,資格・学歴など,免許,第二種電気工事士免許,第二種電気工事士免許,第二種電気工事士::第2種電気工事士免許,,低,,normal,
1274,資格・学歴など,免許,第二種高圧ガス販売主任者免許,第二種高圧ガス販売主任者免許,第二種高圧ガス販売主任者::第2種高圧ガス販売主任者免許,,低,,normal,
1275,資格・学歴など,免許,管理栄養士免許,管理栄養士免許,管理栄養士,,低,,normal,
1276,資格・学歴など,免許,管理業務主任者免許,管理業務主任者免許,管理業務主任者,,低,,normal,
1277,資格・学歴など,免許,管理理容師免許,管理理容師免許,管理理容師,,低,,normal,
1278,資格・学歴など,免許,管理美容師免許,管理美容師免許,管理美容師,,低,,normal,
1279,資格・学歴など,免許,精神保健指定医免許,精神保健指定医免許,精神保健指定医,,低,,normal,
1280,資格・学歴など,免許,精神保健福祉士免許,精神保健福祉士免許,精神保健福祉士,,低,,normal,
1281,資格・学歴など,免許,給水装置工事主任技術者免許,給水装置工事主任技術者免許,給水装置工事主任技術者,,低,,normal,
1282,資格・学歴など,免許,美容師免許,美容師免許,美容師,,低,,normal,
1283,資格・学歴など,免許,義肢装具士免許,義肢装具士免許,義肢装具士,,低,,normal,
1284,資格・学歴など,免許,職業訓練指導員免許,職業訓練指導員免許,職業訓練指導員,,低,,normal,
1285,資格・学歴など,免許,臨床工学技士免許,臨床工学技士免許,臨床工学技士,,低,,normal,
1286,資格・学歴など,免許,臨床検査技師免許,臨床検査技師免許,臨床検査技師,,低,,normal,
1287,資格・学歴など,免許,自動車整備士免許,自動車整備士免許,自動車整備士,,高,,normal,
1288,資格・学歴など,免許,自動車検査員免許,自動車検査員免許,自動車検査員,,低,,normal,
1289,資格・学歴など,免許,自衛消防技術試験,自衛消防技術試験,,,低,,normal,
1290,資格・学歴など,免許,舗装施工管理技術者免許,舗装施工管理技術者免許,舗装施工管理技術者,,低,,normal,
1291,資格・学歴など,免許,薬剤師免許,薬剤師免許,薬剤師,,低,,normal,
1292,資格・学歴など,免許,行政書士免許,行政書士免許,行政書士,,低,,normal,
1293,資格・学歴など,免許,衛生管理者免許,衛生管理者免許,衛生管理者,,低,,normal,
1294,資格・学歴など,免許,製菓衛生師免許,製菓衛生師免許,製菓衛生師,,低,,normal,
1295,資格・学歴など,免許,視能訓練士免許,視能訓練士免許,視能訓練士,,低,,normal,
1296,資格・学歴など,免許,言語聴覚士免許,言語聴覚士免許,言語聴覚士,ST,低,,normal,
1297,資格・学歴など,免許,計装士免許,計装士免許,計装士,,低,,normal,
1298,資格・学歴など,免許,計量士資格,計量士資格,計量士,,中,,normal,
1299,資格・学歴など,免許,診療放射線技師免許,診療放射線技師免許,診療放射線技師,,低,,normal,
1300,資格・学歴など,免許,認定電気工事従事者免許,認定電気工事従事者免許,認定電気工事従事者,,低,,normal,
1301,資格・学歴など,免許,調理師免許,調理師免許,調理師,,低,,normal,
1302,資格・学歴など,免許,警備員指導教育責任者免許,警備員指導教育責任者免許,警備員指導教育責任者,,低,,normal,
1303,資格・学歴など,免許,貸金業務取扱主任者免許,貸金業務取扱主任者免許,貸金業務取扱主任者::貸金業務取り扱い主任者免許::貸金業務取扱い主任者免許,,低,,normal,
1304,資格・学歴など,免許,賃貸不動産経営管理士免許,賃貸不動産経営管理士免許,賃貸不動産経営管理士,,低,,normal,
1305,資格・学歴など,免許,足場の組立て等作業主任者技能講習修了,足場の組立て等作業主任者技能講習修了,足場の組立て等作業主任者技能講習::足場の組み立て等作業主任者技能講習修了::足場の組立等作業主任者技能講習修了,,低,,normal,
1306,資格・学歴など,免許,車両系建設機械（基礎工事用）運転技能講習修了,車両系建設機械（基礎工事用）運転技能講習修了,車両系建設機械（基礎工事用）運転技能講習,,低,,normal,
1307,資格・学歴など,免許,車両系建設機械（整地・運搬・積込み用及び掘削用）運転技能講習修了,車両系建設機械（整地・運搬・積込み用及び掘削用）運転技能講習修了,車両系建設機械（整地・運搬・積込み用及び掘削用）運転技能講習,,低,,normal,
1308,資格・学歴など,免許,車両系建設機械（解体用）運転技能講習修了,車両系建設機械（解体用）運転技能講習修了,車両系建設機械（解体用）運転技能講習,,低,,normal,
1309,資格・学歴など,免許,通関士免許,通関士免許,通関士,,低,,normal,
1310,資格・学歴など,免許,運行管理者免許,運行管理者免許,運行管理者,,低,,normal,
1311,資格・学歴など,免許,配管技能士免許,配管技能士免許,配管技能士,,低,,normal,
1312,資格・学歴など,免許,酸素欠乏・硫化水素危険作業主任者技能講習修了,酸素欠乏・硫化水素危険作業主任者技能講習修了,酸素欠乏・硫化水素危険作業主任者技能講習,,低,,normal,
1313,資格・学歴など,免許,防火管理者免許,防火管理者免許,防火管理者,,低,,normal,
1314,資格・学歴など,免許,防災センター要員講習修了,防災センター要員講習修了,防災センター要員講習,,低,,normal,
1315,資格・学歴など,免許,防災管理者免許,防災管理者免許,防災管理者,,低,,normal,
1316,資格・学歴など,免許,電気主任技術者免許,電気主任技術者免許,電気主任技術者,,中,,normal,
1317,資格・学歴など,免許,電気工事士免許,電気工事士免許,電気工事士,,中,,normal,
1318,資格・学歴など,免許,電気通信主任技術者資格,電気通信主任技術者資格,電気通信主任技術者,,低,,normal,
1319,資格・学歴など,免許,食品衛生管理者免許,食品衛生管理者免許,食品衛生管理者,,低,,normal,
1320,資格・学歴など,免許,食品衛生責任者免許,食品衛生責任者免許,食品衛生責任者,,低,,normal,
1321,資格・学歴など,免許,養護教諭免許,養護教諭免許,養護教諭,,低,,normal,
1322,資格・学歴など,免許,駐車監視員免許,駐車監視員免許,駐車監視員,,低,,normal,
1323,資格・学歴など,免許,高圧ガス移動監視者免許,高圧ガス移動監視者免許,高圧ガス移動監視者,,低,,normal,
1324,資格・学歴など,免許,高圧ガス製造保安責任者免許,高圧ガス製造保安責任者免許,高圧ガス製造保安責任者,,低,,normal,
1325,資格・学歴など,免許,高所作業車運転技能講習修了,高所作業車運転技能講習修了,高所作業車運転技能講習,,低,,normal,
1326,資格・学歴など,免許,高等学校教諭免許,高等学校教諭免許,高等学校教諭,,低,,normal,
1327,資格・学歴など,学問分野,化学,化学,,,高,,normal,
1328,資格・学歴など,学問分野,医学,医学,,,高,,normal,
1329,資格・学歴など,学問分野,工学,工学,,,高,,normal,
1330,資格・学歴など,学問分野,建築学,建築学,,,高,,normal,
1331,資格・学歴など,学問分野,心理学,心理学,,,高,,normal,
1332,資格・学歴など,学問分野,教育学,教育学,,,高,,normal,
1333,資格・学歴など,学問分野,栄養学,栄養学,,,高,,normal,
1334,資格・学歴など,学問分野,機械工学,機械工学,,,低,,normal,
1335,資格・学歴など,学問分野,生物学,生物学,,,高,,normal,
1336,資格・学歴など,学問分野,社会学,社会学,,,高,,normal,
1337,資格・学歴など,学問分野,社会福祉学,社会福祉学,,,低,,normal,
1338,資格・学歴など,学問分野,薬学,薬学,,,高,,normal,
1339,資格・学歴など,学問分野,農学,農学,,,高,,normal,
1340,資格・学歴など,学歴,中卒・中認合格,中卒・中認合格,,,低,,normal,
1341,資格・学歴など,学歴,修士号,修士号,,,高,,normal,
1342,資格・学歴など,学歴,博士号,博士号,,,高,,normal,
1343,資格・学歴など,学歴,大卒,大卒,,,高,,normal,
1344,資格・学歴など,学歴,専門卒,専門卒,,,高,,normal,
1345,資格・学歴など,学歴,短大卒,短大卒,,,高,,normal,
1346,資格・学歴など,学歴,高卒・高認合格,高卒・高認合格,,,低,,normal,
1347,資格・学歴など,学歴,高専卒,高専卒,,,高,,normal,
1348,資格・学歴など,言語スキル,イタリア語,イタリア語,,,低,,normal,
1349,資格・学歴など,言語スキル,インドネシア語,インドネシア語,,,低,,normal,
1350,資格・学歴など,言語スキル,スペイン語,スペイン語,,,低,,normal,
1351,資格・学歴など,言語スキル,タイ語,タイ語,,,高,,normal,
1352,資格・学歴など,言語スキル,タガログ語,タガログ語,,,低,,normal,
1353,資格・学歴など,言語スキル,ドイツ語,ドイツ語,,,低,,normal,
1354,資格・学歴など,言語スキル,フランス語,フランス語,,,低,,normal,
1355,資格・学歴など,言語スキル,ベトナム語,ベトナム語,,,低,,normal,
1356,資格・学歴など,言語スキル,ポルトガル語,ポルトガル語,,,低,,normal,
1357,資格・学歴など,言語スキル,ロシア語,ロシア語,,,低,,normal,
1358,資格・学歴など,言語スキル,中国語,中国語,,,高,,normal,
1359,資格・学歴など,言語スキル,二か国語,二か国語,バイリンガル,,低,,normal,
1360,資格・学歴など,言語スキル,多言語,多言語,マルチリンガル,,高,,normal,
1361,資格・学歴など,言語スキル,広東語,広東語,,,高,,normal,
1362,資格・学歴など,言語スキル,手話,手話,,,高,,normal,
1363,資格・学歴など,言語スキル,日本語,日本語,,,高,,normal,
1364,資格・学歴など,言語スキル,標準中国語,標準中国語,,,低,,normal,
1365,資格・学歴など,言語スキル,英語,英語,,,高,英語力不要::英語不要::英語スキル不要::英語力不問,normal,
1366,資格・学歴など,言語スキル,韓国語,韓国語,,,高,,normal,
1367,資格・学歴など,資格,AFP資格,AFP資格,AFP,,低,,normal,
1368,資格・学歴など,資格,BJTビジネス日本語能力テスト,BJTビジネス日本語能力テスト,,,低,,normal,
1369,資格・学歴など,資格,CAD利用技術者試験,CAD利用技術者試験,,,低,,normal,
1370,資格・学歴など,資格,CCDA,CCDA,,,低,,token_exact,
1371,資格・学歴など,資格,CCNA,CCNA,,,低,,token_exact,
1372,資格・学歴など,資格,CCNP,CCNP,,,低,,token_exact,
1373,資格・学歴など,資格,CFA資格,CFA資格,CFA,,低,,normal,
1374,資格・学歴など,資格,CMA資格,CMA資格,CMA,,低,,normal,
1375,資格・学歴など,資格,CompTIAA+,CompTIAA+,,,低,,normal,
1376,資格・学歴など,資格,DIYアドバイザー,DIYアドバイザー,,,低,,normal,
1377,資格・学歴など,資格,ICTプロフィシエンシー検定,ICTプロフィシエンシー検定,,,低,,normal,
1378,資格・学歴など,資格,ITILファンデーション,ITILファンデーション,,,低,,normal,
1379,資格・学歴など,資格,ITパスポート試験,ITパスポート試験,,,低,,normal,
1380,資格・学歴など,資格,MCSA,MCSA,,,低,,token_exact,
1381,資格・学歴など,資格,MCSE,MCSE,,,低,,token_exact,
1382,資格・学歴など,資格,Microsoft認定プロフェッショナル資格,Microsoft認定プロフェッショナル資格,Microsoft認定プロフェッショナル,,低,,normal,
1383,資格・学歴など,資格,MR認定資格,MR認定資格,MR認定,,低,,normal,
1384,資格・学歴など,資格,OracleCertifiedJavaProgrammer認定資格,OracleCertifiedJavaProgrammer認定資格,OracleCertifiedJavaProgrammer認定,,低,,normal,
1385,資格・学歴など,資格,ORACLEMASTERGold,ORACLEMASTERGold,,,低,,normal,
1386,資格・学歴など,資格,PMP,PMP,,,高,,token_exact,
1387,資格・学歴など,資格,SAP認定コンサルタント資格,SAP認定コンサルタント資格,SAP認定コンサルタント,,低,,normal,
1388,資格・学歴など,資格,TOEIC,TOEIC,TOEICスコア::TOEIC点,,低,,token_exact,
1389,資格・学歴など,資格,インテリアコーディネーター資格,インテリアコーディネーター資格,インテリアコーディネーター,,低,,normal,
1390,資格・学歴など,資格,ガイドヘルパー資格,ガイドヘルパー資格,ガイドヘルパー,,低,,normal,
1391,資格・学歴など,資格,カラーコーディネーター資格,カラーコーディネーター資格,カラーコーディネーター,,低,,normal,
1392,資格・学歴など,資格,コンクリート主任技士資格,コンクリート主任技士資格,コンクリート主任技士,,低,,normal,
1393,資格・学歴など,資格,コンクリート技士資格,コンクリート技士資格,コンクリート技士,,低,,normal,
1394,資格・学歴など,資格,コンクリート診断士資格,コンクリート診断士資格,コンクリート診断士,,低,,normal,
1395,資格・学歴など,資格,システムアーキテクト資格,システムアーキテクト資格,システムアーキテクト,,低,,normal,
1396,資格・学歴など,資格,システム監査技術者資格,システム監査技術者資格,システム監査技術者,,低,,normal,
1397,資格・学歴など,資格,ソフトウェア開発技術者資格,ソフトウェア開発技術者資格,ソフトウェア開発技術者,,低,,normal,
1398,資格・学歴など,資格,ソムリエ資格,ソムリエ資格,ソムリエ,,低,,normal,
1399,資格・学歴など,資格,チャイルドマインダー資格,チャイルドマインダー資格,チャイルドマインダー,,低,,normal,
1400,資格・学歴など,資格,トリマー資格,トリマー資格,トリマー,,低,,normal,
1401,資格・学歴など,資格,ネットワークスペシャリスト資格,ネットワークスペシャリスト資格,ネットワークスペシャリスト,,低,,normal,
1402,資格・学歴など,資格,ファイナンシャルプランナー資格,ファイナンシャルプランナー資格,ファイナンシャルプランナー,,低,,normal,
1403,資格・学歴など,資格,マイクロソフト・オフィス・スペシャリスト資格,マイクロソフト・オフィス・スペシャリスト資格,マイクロソフト・オフィス・スペシャリスト,,低,,normal,
1404,資格・学歴など,資格,マイナンバー実務検定,マイナンバー実務検定,,,低,,normal,
1405,資格・学歴など,資格,メディカルクラーク資格,メディカルクラーク資格,メディカルクラーク,,低,,normal,
1406,資格・学歴など,資格,上級救命技能認定,上級救命技能認定,,,低,,normal,
1407,資格・学歴など,資格,中小企業診断士資格,中小企業診断士資格,中小企業診断士,,低,,normal,
1408,資格・学歴など,資格,交通誘導警備業務検定1級,交通誘導警備業務検定1級,,,低,,normal,
1409,資格・学歴など,資格,交通誘導警備業務検定2級,交通誘導警備業務検定2級,,,低,,normal,
1410,資格・学歴など,資格,介護福祉士実務者研修修了,介護福祉士実務者研修修了,介護福祉士実務者研修,,低,,normal,
1411,資格・学歴など,資格,介護職員初任者研修修了,介護職員初任者研修修了,介護職員初任者研修,,低,,normal,
1412,資格・学歴など,資格,住宅ローンアドバイザー資格,住宅ローンアドバイザー資格,住宅ローンアドバイザー,,低,,normal,
1413,資格・学歴など,資格,個人情報保護士資格,個人情報保護士資格,個人情報保護士,,低,,normal,
1414,資格・学歴など,資格,健康運動実践指導者資格,健康運動実践指導者資格,健康運動実践指導者,,低,,normal,
1415,資格・学歴など,資格,健康運動指導士資格,健康運動指導士資格,健康運動指導士,,低,,normal,
1416,資格・学歴など,資格,内部管理責任者資格,内部管理責任者資格,内部管理責任者,,低,,normal,
1417,資格・学歴など,資格,医療事務管理士資格,医療事務管理士資格,医療事務管理士,,低,,normal,
1418,資格・学歴など,資格,医療情報技師資格,医療情報技師資格,医療情報技師,,低,,normal,
1419,資格・学歴など,資格,司書補資格,司書補資格,司書補,,低,,normal,
1420,資格・学歴など,資格,司書資格,司書資格,,,低,,normal,
1421,資格・学歴など,資格,品質管理検定2級,品質管理検定2級,,,低,,normal,
1422,資格・学歴など,資格,品質管理検定3級,品質管理検定3級,,,低,,normal,
1423,資格・学歴など,資格,喀痰吸引等研修修了,喀痰吸引等研修修了,喀痰吸引等研修,,低,,normal,
1424,資格・学歴など,資格,基本情報技術者資格,基本情報技術者資格,基本情報技術者,,低,,normal,
1425,資格・学歴など,資格,子育て支援員資格,子育て支援員資格,子育て支援員,,低,,normal,
1426,資格・学歴など,資格,学芸員資格,学芸員資格,学芸員,,低,,normal,
1427,資格・学歴など,資格,小規模多機能型サービス等計画作成担当者研修修了,小規模多機能型サービス等計画作成担当者研修修了,小規模多機能型サービス等計画作成担当者研修,,低,,normal,
1428,資格・学歴など,資格,建築CAD検定,建築CAD検定,,,低,,normal,
1429,資格・学歴など,資格,建築積算士資格,建築積算士資格,建築積算士,,低,,normal,
1430,資格・学歴など,資格,建設業経理士資格,建設業経理士資格,建設業経理士,,低,,normal,
1431,資格・学歴など,資格,応急手当普及員講習修了,応急手当普及員講習修了,応急手当普及員講習,,低,,normal,
1432,資格・学歴など,資格,応用情報技術者資格,応用情報技術者資格,応用情報技術者,,低,,normal,
1433,資格・学歴など,資格,情報セキュリティマネジメント資格,情報セキュリティマネジメント資格,情報セキュリティマネジメント,,低,,normal,
1434,資格・学歴など,資格,情報処理技術者資格,情報処理技術者資格,情報処理技術者,,低,,normal,
1435,資格・学歴など,資格,救急法救急員資格,救急法救急員資格,救急法救急員,,低,,normal,
1436,資格・学歴など,資格,整備管理者資格,整備管理者資格,整備管理者,,低,,normal,
1437,資格・学歴など,資格,整理収納アドバイザー資格,整理収納アドバイザー資格,整理収納アドバイザー,,低,,normal,
1438,資格・学歴など,資格,施設警備業務検定1級,施設警備業務検定1級,,,低,,normal,
1439,資格・学歴など,資格,施設警備業務検定2級,施設警備業務検定2級,,,低,,normal,
1440,資格・学歴など,資格,日商簿記1級,日商簿記1級,簿記1級::日商1級,,低,,normal,
1441,資格・学歴など,資格,日商簿記2級,日商簿記2級,簿記2級::日商2級,,低,,normal,
1442,資格・学歴など,資格,日商簿記3級,日商簿記3級,簿記3級::日商3級,,低,,normal,
1443,資格・学歴など,資格,日本語教師養成講座420時間修了,日本語教師養成講座420時間修了,,,低,,normal,
1444,資格・学歴など,資格,日本語教育能力検定試験,日本語教育能力検定試験,,,低,,normal,
1445,資格・学歴など,資格,日本語検定1級,日本語検定1級,,,低,,normal,
1446,資格・学歴など,資格,日本語検定2級,日本語検定2級,,,低,,normal,
1447,資格・学歴など,資格,日本語能力試験N1,日本語能力試験N1,,,低,,normal,
1448,資格・学歴など,資格,日本語能力試験N2,日本語能力試験N2,,,低,,normal,
1449,資格・学歴など,資格,普通救命技能認定,普通救命技能認定,,,低,,normal,
1450,資格・学歴など,資格,溶接技能者資格,溶接技能者資格,溶接技能者,,低,,normal,
1451,資格・学歴など,資格,産業カウンセラー資格,産業カウンセラー資格,産業カウンセラー,,低,,normal,
1452,資格・学歴など,資格,相談支援従事者初任者研修修了,相談支援従事者初任者研修修了,相談支援従事者初任者研修,,低,,normal,
1453,資格・学歴など,資格,福祉住環境コーディネーター資格,福祉住環境コーディネーター資格,福祉住環境コーディネーター,,低,,normal,
1454,資格・学歴など,資格,秘書検定,秘書検定,,,低,,normal,
1455,資格・学歴など,資格,税理士試験科目合格,税理士試験科目合格,,,低,,normal,
1456,資格・学歴など,資格,簿記検定,簿記検定,,,低,,normal,
1457,資格・学歴など,資格,職長・安全衛生責任者教育修了,職長・安全衛生責任者教育修了,職長・安全衛生責任者教育,,低,,normal,
1458,資格・学歴など,資格,臨床心理士資格,臨床心理士資格,臨床心理士,,低,,normal,
1459,資格・学歴など,資格,臨床発達心理士資格,臨床発達心理士資格,臨床発達心理士,,低,,normal,
1460,資格・学歴など,資格,自転車安全整備士資格,自転車安全整備士資格,自転車安全整備士,,低,,normal,
1461,資格・学歴など,資格,自転車技士資格,自転車技士資格,自転車技士,,低,,normal,
1462,資格・学歴など,資格,英検1級,英検1級,,,低,,normal,
1463,資格・学歴など,資格,英検2級,英検2級,,,低,,normal,
1464,資格・学歴など,資格,英検3級,英検3級,,,低,,normal,
1465,資格・学歴など,資格,英検準1級,英検準1級,,,低,,normal,
1466,資格・学歴など,資格,英検準2級,英検準2級,,,低,,normal,
1467,資格・学歴など,資格,行動援護従業者養成研修修了,行動援護従業者養成研修修了,行動援護従業者養成研修,,低,,normal,
1468,資格・学歴など,資格,補償業務管理士資格,補償業務管理士資格,補償業務管理士,,低,,normal,
1469,資格・学歴など,資格,診療報酬請求事務能力認定,診療報酬請求事務能力認定,,,低,,normal,
1470,資格・学歴など,資格,診療情報管理士資格,診療情報管理士資格,診療情報管理士,,低,,normal,
1471,資格・学歴など,資格,認定エステティシャン資格,認定エステティシャン資格,認定エステティシャン,,低,,normal,
1472,資格・学歴など,資格,認定動物看護師資格,認定動物看護師資格,認定動物看護師,,低,,normal,
1473,資格・学歴など,資格,認定心理士資格,認定心理士資格,認定心理士,,低,,normal,
1474,資格・学歴など,資格,認知症ケア専門士資格,認知症ケア専門士資格,認知症ケア専門士,,低,,normal,
1475,資格・学歴など,資格,認知症介護基礎研修修了,認知症介護基礎研修修了,認知症介護基礎研修,,低,,normal,
1476,資格・学歴など,資格,認知症介護実践者研修修了,認知症介護実践者研修修了,認知症介護実践者研修,,低,,normal,
1477,資格・学歴など,資格,認知症対応型サービス事業管理者研修修了,認知症対応型サービス事業管理者研修修了,認知症対応型サービス事業管理者研修,,低,,normal,
1478,資格・学歴など,資格,調剤事務管理士資格,調剤事務管理士資格,調剤事務管理士,,低,,normal,
1479,資格・学歴など,資格,警備業務検定,警備業務検定,,,高,,normal,
1480,資格・学歴など,資格,販売士3級,販売士3級,,,低,,normal,
1481,資格・学歴など,資格,貿易実務検定,貿易実務検定,,,低,,normal,
1482,資格・学歴など,資格,重度訪問介護従業者養成研修修了,重度訪問介護従業者養成研修修了,重度訪問介護従業者養成研修,,低,,normal,
1483,資格・学歴など,資格,雑踏警備業務検定1級,雑踏警備業務検定1級,,,低,,normal,
1484,資格・学歴など,資格,雑踏警備業務検定2級,雑踏警備業務検定2級,,,低,,normal,
1485,資格・学歴など,資格,音楽療法士資格,音楽療法士資格,音楽療法士,,低,,normal,
1486,その他特徴など,応募歓迎,40代も応募可,40代も応募可,40代も応募OK::40代応募可::40代応募OK,40代歓迎,中,,normal,
1487,その他特徴など,応募歓迎,50代も応募可,50代も応募可,50代も応募OK::50代応募可::50代応募OK,50代歓迎,中,,normal,
1488,その他特徴など,応募歓迎,60代も応募可,60代も応募可,60代も応募OK::60代応募可::60代応募OK,60代歓迎,中,,normal,
1489,その他特徴など,応募歓迎,70代も応募可,70代も応募可,70代も応募OK::70代応募可::70代応募OK,70代歓迎,中,,normal,
1490,その他特徴など,応募歓迎,U・Iターン歓迎,U・Iターン歓迎,UIターン歓迎::U/Iターン歓迎::Uターン・Iターン歓迎::Uターン/Iターン歓迎::U・IターンOK::U・Iターン大歓迎::U・Iターン積極採用::UIターンOK::UIターン大歓迎::UIターン積極採用::U/IターンOK::U/Iターン大歓迎::U/Iターン積極採用::Uターン・IターンOK::Uターン・Iターン大歓迎::Uターン・Iターン積極採用::Uターン/IターンOK::Uターン/Iターン大歓迎::Uターン/Iターン積極採用,U・Iターン可::UIターン可::U/Iターン可::Uターン・Iターン可::Uターン/Iターン可,中,,normal,
1491,その他特徴など,応募歓迎,インターン経験者歓迎,インターン経験者歓迎,インターン経験者OK::インターン経験者大歓迎::インターン経験者積極採用,インターン経験者可,中,,normal,
1492,その他特徴など,応募歓迎,カップル歓迎,カップル歓迎,カップルOK::カップル大歓迎::カップル積極採用,カップル可,中,,normal,
1493,その他特徴など,応募歓迎,シングルマザー・ファーザー歓迎,シングルマザー・ファーザー歓迎,シングルマザー・シングルファーザー歓迎::シングルマザー・シングルファザー歓迎::シングルマザー／シングルファーザー歓迎::シングルマザー・ファーザーOK::シングルマザー・ファーザー大歓迎::シングルマザー・ファーザー積極採用::シングルマザー・シングルファーザーOK::シングルマザー・シングルファーザー大歓迎::シングルマザー・シングルファーザー積極採用::シングルマザー・シングルファザーOK::シングルマザー・シングルファザー大歓迎::シングルマザー・シングルファザー積極採用::シングルマザー／シングルファーザーOK::シングルマザー／シングルファーザー大歓迎::シングルマザー／シングルファーザー積極採用,シングルマザー歓迎::シングルファーザー歓迎::シングルファザー歓迎::シングルマザー・ファーザー可::シングルマザー・シングルファーザー可::シングルマザー・シングルファザー可::シングルマザー／シングルファーザー可::シングルマザーOK::シングルマザー大歓迎::シングルマザー積極採用::シングルマザー可::シングルファーザーOK::シングルファーザー大歓迎::シングルファーザー積極採用::シングルファーザー可::シングルファザーOK::シングルファザー大歓迎::シングルファザー積極採用::シングルファザー可,中,,normal,
1494,その他特徴など,応募歓迎,ニート歓迎,ニート歓迎,ニートOK::ニート大歓迎::ニート積極採用,ニート可,中,,normal,
1495,その他特徴など,応募歓迎,バイトデビュー歓迎,バイトデビュー歓迎,アルバイトデビュー歓迎::初バイト歓迎::バイト未経験歓迎::バイトデビューOK::バイトデビュー大歓迎::バイトデビュー積極採用::アルバイトデビューOK::アルバイトデビュー大歓迎::アルバイトデビュー積極採用::初バイトOK::初バイト大歓迎::初バイト積極採用::バイト未経験OK::バイト未経験大歓迎::バイト未経験積極採用,バイトデビュー可::アルバイトデビュー可::初バイト可::バイト未経験可,中,,normal,
1496,その他特徴など,応募歓迎,ブランクOK,ブランクOK,ブランク可::ブランク歓迎,ブランクある方OK,中,,normal,
1497,その他特徴など,応募歓迎,フリーター歓迎,フリーター歓迎,フリーターOK::フリーター大歓迎::フリーター積極採用,フリーター可,中,,normal,
1498,その他特徴など,応募歓迎,フルタイム歓迎,フルタイム歓迎,フルタイムOK::フルタイム大歓迎::フルタイム積極採用,フルタイム可,中,,normal,
1499,その他特徴など,応募歓迎,ポジティブアクション,ポジティブアクション,,,低,,normal,
1500,その他特徴など,応募歓迎,中卒歓迎,中卒歓迎,中卒OK::中卒大歓迎::中卒積極採用,中卒可,中,,normal,
1501,その他特徴など,応募歓迎,主婦・主夫歓迎,主婦・主夫歓迎,主婦主夫歓迎::主婦（夫）歓迎::主ふ歓迎::主婦／主夫歓迎::主婦・主夫OK::主婦・主夫大歓迎::主婦・主夫積極採用::主婦主夫OK::主婦主夫大歓迎::主婦主夫積極採用::主婦（夫）OK::主婦（夫）大歓迎::主婦（夫）積極採用::主ふOK::主ふ大歓迎::主ふ積極採用::主婦／主夫OK::主婦／主夫大歓迎::主婦／主夫積極採用,主婦歓迎::主夫歓迎::主婦・主夫可::主婦主夫可::主婦（夫）可::主ふ可::主婦／主夫可::主婦OK::主婦大歓迎::主婦積極採用::主婦可::主夫OK::主夫大歓迎::主夫積極採用::主夫可,中,,normal,
1502,その他特徴など,応募歓迎,大学中退者歓迎,大学中退者歓迎,大学中退者OK::大学中退者大歓迎::大学中退者積極採用,大学中退者可,中,,normal,
1503,その他特徴など,応募歓迎,子育て世代歓迎,子育て世代歓迎,子育て世代OK::子育て世代大歓迎::子育て世代積極採用,子育て世代可,中,,normal,
1504,その他特徴など,応募歓迎,学歴不問,学歴不問,学歴問いません::学歴問わず,,中,,normal,
1507,その他特徴など,応募歓迎,文系歓迎,文系歓迎,文系OK::文系大歓迎::文系積極採用,文系可,中,,normal,
1508,その他特徴など,応募歓迎,新卒歓迎,新卒歓迎,新卒OK::新卒大歓迎::新卒積極採用,新卒可,中,,normal,
1509,その他特徴など,応募歓迎,既卒歓迎,既卒歓迎,既卒OK::既卒大歓迎::既卒積極採用,既卒可,中,,normal,
1510,その他特徴など,応募歓迎,昼職転職歓迎,昼職転職歓迎,昼職転職OK::昼職転職大歓迎::昼職転職積極採用,昼職転職可,中,,normal,
1511,その他特徴など,応募歓迎,有資格者歓迎,有資格者歓迎,有資格者OK::有資格者大歓迎::有資格者積極採用,有資格者可,中,,normal,
1512,その他特徴など,応募歓迎,未経験者歓迎,未経験者歓迎,未経験歓迎::未経験OK::未経験可::未経験者OK::未経験者大歓迎::未経験者積極採用::未経験大歓迎::未経験積極採用,未経験者可,中,未経験不可::経験必須::経験者のみ,normal,
1513,その他特徴など,応募歓迎,業界未経験者歓迎,業界未経験者歓迎,業界未経験歓迎::業界未経験OK::業界未経験者OK::業界未経験者大歓迎::業界未経験者積極採用::業界未経験大歓迎::業界未経験積極採用,業界未経験者可::業界未経験可,中,,normal,
1514,その他特徴など,応募歓迎,海外勤務経験者歓迎,海外勤務経験者歓迎,海外勤務経験者OK::海外勤務経験者大歓迎::海外勤務経験者積極採用,海外勤務経験者可,中,,normal,
1515,その他特徴など,応募歓迎,海外生活経験者歓迎,海外生活経験者歓迎,海外生活経験者OK::海外生活経験者大歓迎::海外生活経験者積極採用,海外生活経験者可,中,,normal,
1516,その他特徴など,応募歓迎,理系歓迎,理系歓迎,理系OK::理系大歓迎::理系積極採用,理系可,中,,normal,
1517,その他特徴など,応募歓迎,男女歓迎,男女歓迎,男女OK::男女大歓迎::男女積極採用,男女可,中,,normal,
1518,その他特徴など,応募歓迎,留学経験者歓迎,留学経験者歓迎,留学経験者OK::留学経験者大歓迎::留学経験者積極採用,留学経験者可,中,,normal,
1519,その他特徴など,応募歓迎,異業種歓迎,異業種歓迎,異業種OK::異業種大歓迎::異業種積極採用,異業種可,中,,normal,
1520,その他特徴など,応募歓迎,第二新卒歓迎,第二新卒歓迎,第二新卒OK::第二新卒大歓迎::第二新卒積極採用,第二新卒可,中,,normal,
1521,その他特徴など,応募歓迎,管理職・マネジメント経験歓迎,管理職・マネジメント経験歓迎,管理職／マネジメント経験歓迎::管理職経験・マネジメント経験歓迎::管理職・マネジメント経験OK::管理職・マネジメント経験大歓迎::管理職・マネジメント経験積極採用::管理職／マネジメント経験OK::管理職／マネジメント経験大歓迎::管理職／マネジメント経験積極採用::管理職経験・マネジメント経験OK::管理職経験・マネジメント経験大歓迎::管理職経験・マネジメント経験積極採用,マネジメント経験歓迎::管理職経験歓迎::管理職・マネジメント経験可::管理職／マネジメント経験可::管理職経験・マネジメント経験可::マネジメント経験OK::マネジメント経験大歓迎::マネジメント経験積極採用::マネジメント経験可::管理職経験OK::管理職経験大歓迎::管理職経験積極採用::管理職経験可,中,,normal,
1522,その他特徴など,応募歓迎,経験浅め歓迎,経験浅め歓迎,経験浅めOK::経験浅め大歓迎::経験浅め積極採用,経験浅め可,中,,normal,
1523,その他特徴など,応募歓迎,経験者歓迎,経験者歓迎,経験者OK::経験者大歓迎::経験者積極採用,経験者可,高,,normal,
1524,その他特徴など,応募歓迎,車両持ち込み歓迎,車両持ち込み歓迎,車両持込み歓迎::車両持込歓迎::車両持ち込みOK::車両持ち込み大歓迎::車両持ち込み積極採用::車両持込みOK::車両持込み大歓迎::車両持込み積極採用::車両持込OK::車両持込大歓迎::車両持込積極採用,車両持ち込み可::車両持込み可::車両持込可,中,,normal,
1525,その他特徴など,応募歓迎,長期歓迎,長期歓迎,長期OK::長期大歓迎::長期積極採用,長期可,中,,normal,
1526,その他特徴など,応募歓迎,障がい者歓迎,障がい者歓迎,障がい者OK::障がい者大歓迎::障がい者積極採用,障がい者可,中,,normal,
1527,その他特徴など,応募歓迎,高卒歓迎,高卒歓迎,高卒OK::高卒大歓迎::高卒積極採用,高卒可,中,,normal,
1528,その他特徴など,応募歓迎,高校中退者歓迎,高校中退者歓迎,高校中退者OK::高校中退者大歓迎::高校中退者積極採用,高校中退者可,中,,normal,
1530,その他特徴など,服装規定,アクセサリーOK,アクセサリーOK,アクセサリー可,,中,,normal,
1531,その他特徴など,服装規定,オフィスカジュアルOK,オフィスカジュアルOK,オフィスカジュアル可,,中,,normal,
1532,その他特徴など,服装規定,カジュアルOK,カジュアルOK,カジュアル可,,中,,normal,
1533,その他特徴など,服装規定,クールビズOK,クールビズOK,クールビズ可,,中,,normal,
1534,その他特徴など,服装規定,ジーンズOK,ジーンズOK,ジーンズ可::デニムOK::デニム可,,中,,normal,
1535,その他特徴など,服装規定,スーツ着用,スーツ着用,,,低,,normal,
1536,その他特徴など,服装規定,スニーカーOK,スニーカーOK,スニーカー可,,中,,normal,
1537,その他特徴など,服装規定,ネイルOK,ネイルOK,ネイル可,,中,,normal,
1538,その他特徴など,服装規定,ノーネクタイOK,ノーネクタイOK,ノーネクタイ可,,中,,normal,
1539,その他特徴など,服装規定,ピアスOK,ピアスOK,ピアス可,,中,,normal,
1540,その他特徴など,服装規定,ひげOK,ひげOK,ひげ可::髭OK::髭可,,中,,normal,
1541,その他特徴など,服装規定,制服あり,制服あり,制服有り,,中,,normal,
1542,その他特徴など,服装規定,服装自由,服装自由,私服OK::私服勤務OK::服装規定なし,,中,服装自由ではありません::制服着用,normal,
1543,その他特徴など,服装規定,髪型・髪色自由,髪型・髪色自由,髪型髪色自由,髪型自由::髪色自由,中,,normal,
1544,その他特徴など,業務の特徴,OAスキル不要,OAスキル不要,OAスキル不問,,中,,normal,
1545,その他特徴など,業務の特徴,PCスキル不要,PCスキル不要,パソコンスキル不要::PCスキル不問,,中,,normal,
1546,その他特徴など,業務の特徴,オープニングスタッフ,オープニングスタッフ,オープニング募集::新規オープンスタッフ,オープニング,中,,normal,
1547,その他特徴など,業務の特徴,コツコツ・モクモク作業,コツコツ・モクモク作業,コツコツ・黙々作業::黙々作業::モクモク作業,コツコツ作業,中,,normal,
1548,その他特徴など,業務の特徴,デスクワーク,デスクワーク,,,高,,normal,
1549,その他特徴など,業務の特徴,ノルマなし,ノルマなし,ノルマ無し::ノルマ無,,中,,normal,
1550,その他特徴など,業務の特徴,マネージャー採用,マネージャー採用,,,低,,normal,
1551,その他特徴など,業務の特徴,人事異動あり,人事異動あり,人事異動有り,,中,,normal,
1552,その他特徴など,業務の特徴,人事異動の可能性あり,人事異動の可能性あり,人事異動の可能性有り,,中,,normal,
1553,その他特徴など,業務の特徴,候補,候補,,,高,,context,
1554,その他特徴など,業務の特徴,出張なし,出張なし,出張無し::出張ナシ,,中,,normal,
1555,その他特徴など,業務の特徴,出張多め,出張多め,,,低,,normal,
1556,その他特徴など,業務の特徴,力仕事あり,力仕事あり,力仕事有り,,中,,normal,
1557,その他特徴など,業務の特徴,力仕事なし,力仕事なし,力仕事無し,重量物なし,中,,normal,
1558,その他特徴など,業務の特徴,定年60歳,定年60歳,,,低,,normal,
1559,その他特徴など,業務の特徴,定年65歳,定年65歳,,,低,,normal,
1560,その他特徴など,業務の特徴,定年70歳,定年70歳,,,低,,normal,
1561,その他特徴など,業務の特徴,定年制あり,定年制あり,定年制有り,,中,,normal,
1562,その他特徴など,業務の特徴,定年制なし,定年制なし,定年制無し,,中,,normal,
1563,その他特徴など,業務の特徴,接客なし,接客なし,接客無し::接客業務なし,,中,,normal,
1564,その他特徴など,業務の特徴,検便検査,検便検査,,,低,,normal,
1565,その他特徴など,業務の特徴,派遣社員活躍中,派遣社員活躍中,,,低,,normal,
1566,その他特徴など,業務の特徴,海外出張あり,海外出張あり,海外出張有り,,中,,normal,
1567,その他特徴など,業務の特徴,海外勤務あり,海外勤務あり,海外勤務有り,,中,,normal,
1568,その他特徴など,業務の特徴,立ち仕事,立ち仕事,,,低,,normal,
1569,その他特徴など,業務の特徴,総合職,総合職,,,高,,normal,
1570,その他特徴など,業務の特徴,職種変更なし,職種変更なし,職種変更無し,,中,,normal,
1571,その他特徴など,業務の特徴,肉体労働,肉体労働,,,低,,normal,
1572,その他特徴など,業務の特徴,英語力不要,英語力不要,英語不要::英語スキル不要::英語力不問,,中,英語必須::英語力必須,normal,
1573,その他特徴など,業務の特徴,転勤なし,転勤なし,転勤無し::転勤ナシ::転勤はありません,,中,,normal,
1574,その他特徴など,業務の特徴,転居を伴う異動なし,転居を伴う異動なし,転居を伴う異動無し::転居を伴う転勤なし,,中,,normal,
1575,その他特徴など,業務の特徴,軽作業,軽作業,,,高,,normal,
1577,その他特徴など,職務レベル,経験不問,経験不問,経験問いません::経験問わず,,中,,normal,
1578,その他特徴など,職務レベル,見習い,見習い,,,高,,normal,
1579,その他特徴など,職場の特徴,えるぼし認定企業,えるぼし認定企業,,,低,,normal,
1580,その他特徴など,職場の特徴,キャリアチャレンジ制度あり,キャリアチャレンジ制度あり,キャリアチャレンジ制度有り,,中,,normal,
1581,その他特徴など,職場の特徴,くるみん認定企業,くるみん認定企業,,,低,,normal,
1582,その他特徴など,職場の特徴,コロナ感染防止対策実施,コロナ感染防止対策実施,,,低,,normal,
1583,その他特徴など,職場の特徴,コンビニ近く,コンビニ近く,,,低,,normal,
1584,その他特徴など,職場の特徴,サービス残業なし,サービス残業なし,サービス残業無し,,中,,normal,
1585,その他特徴など,職場の特徴,シャワー室あり,シャワー室あり,シャワー室有り::シャワー室完備,,中,,normal,
1586,その他特徴など,職場の特徴,トモニン認定企業,トモニン認定企業,,,低,,normal,
1587,その他特徴など,職場の特徴,ノー残業デー,ノー残業デー,,,低,,normal,
1588,その他特徴など,職場の特徴,バイク通勤OK,バイク通勤OK,バイク通勤可::二輪通勤OK::二輪通勤可,,中,,normal,
1589,その他特徴など,職場の特徴,ハラスメント対策,ハラスメント対策,,,低,,normal,
1590,その他特徴など,職場の特徴,フリーアドレス,フリーアドレス,,,低,,normal,
1591,その他特徴など,職場の特徴,ペーパーレス導入,ペーパーレス導入,,,低,,normal,
1592,その他特徴など,職場の特徴,ロッカーあり,ロッカーあり,ロッカー有り::ロッカー完備,,中,,normal,
1593,その他特徴など,職場の特徴,中途入社5割以上,中途入社5割以上,,,中,,normal,
1594,その他特徴など,職場の特徴,仮眠室あり,仮眠室あり,仮眠室有り::仮眠室完備,,中,,normal,
1595,その他特徴など,職場の特徴,休憩室あり,休憩室あり,休憩室有り::休憩室完備,,中,,normal,
1596,その他特徴など,職場の特徴,健康経営優良法人,健康経営優良法人,,,低,,normal,
1597,その他特徴など,職場の特徴,副業・WワークOK,副業・WワークOK,副業OK::副業可::WワークOK::Wワーク可::ダブルワークOK::兼業OK::副業・Wワーク可,,中,,normal,
1598,その他特徴など,職場の特徴,喫煙所あり,喫煙所あり,喫煙所有り::喫煙所完備,,中,,normal,
1599,その他特徴など,職場の特徴,外国人活躍中,外国人活躍中,外国籍スタッフ活躍中::外国人スタッフ活躍中,,低,,normal,
1600,その他特徴など,職場の特徴,女性比率高め,女性比率高め,,,低,,normal,
1601,その他特徴など,職場の特徴,女性活躍中,女性活躍中,女性が活躍中::女性スタッフ活躍中,,低,,normal,
1602,その他特徴など,職場の特徴,女性社員5割以上,女性社員5割以上,,,中,,normal,
1603,その他特徴など,職場の特徴,女性管理職登用実績あり,女性管理職登用実績あり,女性管理職登用実績有り,,中,,normal,
1604,その他特徴など,職場の特徴,少人数の職場,少人数の職場,少人数職場::少人数の職場環境,,低,,normal,
1605,その他特徴など,職場の特徴,幅広い年代活躍中,幅広い年代活躍中,幅広い年齢層が活躍::幅広い世代活躍中,,低,,normal,
1606,その他特徴など,職場の特徴,従業員満足度調査あり,従業員満足度調査あり,従業員満足度調査有り,,中,,normal,
1607,その他特徴など,職場の特徴,更衣室あり,更衣室あり,更衣室有り::更衣室完備,,中,,normal,
1608,その他特徴など,職場の特徴,海外拠点あり,海外拠点あり,海外拠点有り,,中,,normal,
1609,その他特徴など,職場の特徴,産休・育休取得実績あり,産休・育休取得実績あり,産休育休取得実績あり::産休・育休実績あり::産育休取得実績あり::産休・育休取得実績有り,,中,,normal,
1610,その他特徴など,職場の特徴,留学生活躍中,留学生活躍中,,,低,,normal,
1611,その他特徴など,職場の特徴,異動希望申請可,異動希望申請可,異動希望申請OK,,中,,normal,
1612,その他特徴など,職場の特徴,研究開発部門あり,研究開発部門あり,研究開発部門有り,,中,,normal,
1613,その他特徴など,職場の特徴,社内FA制度あり,社内FA制度あり,社内FA制度有り,,中,,normal,
1614,その他特徴など,職場の特徴,社内ベンチャー制度あり,社内ベンチャー制度あり,社内ベンチャー制度有り,,中,,normal,
1615,その他特徴など,職場の特徴,社内公募制度あり,社内公募制度あり,社内公募制度有り,,中,,normal,
1616,その他特徴など,職場の特徴,社内検定等の制度あり,社内検定等の制度あり,社内検定等の制度有り,,中,,normal,
1617,その他特徴など,職場の特徴,自己申告制度あり,自己申告制度あり,自己申告制度有り,,中,,normal,
1618,その他特徴など,職場の特徴,自転車通勤OK,自転車通勤OK,自転車通勤可,,中,,normal,
1619,その他特徴など,職場の特徴,車通勤OK,車通勤OK,車通勤可::マイカー通勤OK::マイカー通勤可::自動車通勤可,,中,,normal,
1620,その他特徴など,職場の特徴,障がい者活躍中,障がい者活躍中,,,低,,normal,
1621,その他特徴など,職場の特徴,食事スペースあり,食事スペースあり,食事スペース有り::食事スペース完備,,中,,normal,
1622,その他特徴など,職場の特徴,駅ナカ,駅ナカ,駅構内,駅構内勤務,高,,normal,
1623,その他特徴など,職場の特徴,駅近5分以内,駅近5分以内,駅徒歩5分以内::駅から徒歩5分以内::最寄駅徒歩5分以内,駅チカ,中,,pattern,"REGEX:(?:最寄(?:り)?駅|[一-龠ぁ-んァ-ヶA-Za-z0-9・ー]+駅)(?:から|より)?[^\n\d]{0,8}徒歩\s*(\d+(?:\.\d+)?)\s*分; TEST:value<=5"
1624,その他特徴など,職場の特徴,高定着率,高定着率,,,低,,normal,
1626,その他特徴など,職場の特徴,残業あり,残業あり,残業有り::時間外労働あり::時間外勤務あり::時間外あり,,高,,normal,
